Offset(d) 00 01 02 03 04 05 06 07 08 09 10 11 12 13 14 15

00000000  03 00 0A 00 00 00 02 00 00 00 01 00 87 56 00 00  ............‡V..
00000016  47 00 0A 00 00 00 FF FF FF FF 05 00 77 56 00 00  G.....ÿÿÿÿ..wV..
00000032  3C 00 BC 01 00 00 3D 00 0A 00 00 00 D1 00 00 00  <.¼...=.....Ñ...
00000048  3E 00 07 00 00 00 00 05 00 A5 01 00 00 14 00 1E  >........¥......
00000064  00 00 00 15 00 0A 00 00 00 02 00 00 00 17 00 07  ................
00000080  00 00 00 00 16 00 07 00 00 00 00 32 00 81 01 00  ...........2....
00000096  00 33 00 0A 00 00 00 2D 00 00 00 34 00 07 00 00  .3.....-...4....
00000112  00 01 35 00 13 00 00 00 65 5F 69 5F 74 75 74 6F  ..5.....e_i_tuto
00000128  2E 62 6D 70 00 36 00 0F 00 00 00 54 75 74 6F 72  .bmp.6.....Tutor
00000144  69 61 6C 00 37 00 16 00 00 00 D2 28 00 00 85 12  ial.7.....Ò(..….
00000160  00 00 00 00 00 00 00 00 00 00 28 00 21 00 00 00  ..........(.!...
00000176  29 00 0A 00 00 00 87 12 00 00 2A 00 0A 00 00 00  ).....‡...*.....
00000192  04 00 00 00 2B 00 07 00 00 00 00 28 00 21 00 00  ....+......(.!..
00000208  00 29 00 0A 00 00 00 88 12 00 00 2A 00 0A 00 00  .).....ˆ...*....
00000224  00 04 00 00 00 2B 00 07 00 00 00 00 28 00 21 00  .....+......(.!.
00000240  00 00 29 00 0A 00 00 00 89 12 00 00 2A 00 0A 00  ..).....‰...*...
00000256  00 00 04 00 00 00 2B 00 07 00 00 00 00 28 00 21  ......+......(.!
00000272  00 00 00 29 00 0A 00 00 00 8A 12 00 00 2A 00 0A  ...).....Š...*..
00000288  00 00 00 04 00 00 00 2B 00 07 00 00 00 00 28 00  .......+......(.
00000304  21 00 00 00 29 00 0A 00 00 00 8B 12 00 00 2A 00  !...).....‹...*.
00000320  0A 00 00 00 04 00 00 00 2B 00 07 00 00 00 00 28  ........+......(
00000336  00 21 00 00 00 29 00 0A 00 00 00 8C 12 00 00 2A  .!...).....Œ...*
00000352  00 0A 00 00 00 04 00 00 00 2B 00 07 00 00 00 00  .........+......
00000368  28 00 21 00 00 00 29 00 0A 00 00 00 8D 12 00 00  (.!...).........
00000384  2A 00 0A 00 00 00 04 00 00 00 2B 00 07 00 00 00  *.........+.....
00000400  00 28 00 21 00 00 00 29 00 0A 00 00 00 8E 12 00  .(.!...).....Ž..
00000416  00 2A 00 0A 00 00 00 04 00 00 00 2B 00 07 00 00  .*.........+....
00000432  00 00 05 00 2A 00 00 00 1E 00 06 00 00 00 14 00  ....*...........
00000448  1E 00 00 00 15 00 0A 00 00 00 05 00 00 00 17 00  ................
00000464  07 00 00 00 00 16 00 07 00 00 00 00 3C 00 29 10  ............<.).
00000480  00 00 3D 00 0A 00 00 00 C9 00 00 00 3E 00 07 00  ..=.....É...>...
00000496  00 00 00 05 00 12 10 00 00 0A 00 37 00 00 00 0D  ...........7....
00000512  00 07 00 00 00 00 0B 00 16 00 00 00 49 6E 74 72  ............Intr
00000528  6F 41 72 63 74 69 63 2E 62 69 6B 00 0C 00 14 00  oArctic.bik.....
00000544  00 00 49 6E 74 72 6F 20 41 52 4B 54 49 44 41 00  ..Intro ARKTIDA.
00000560  14 00 1E 00 00 00 15 00 0A 00 00 00 02 00 00 00  ................
00000576  17 00 07 00 00 00 01 16 00 07 00 00 00 00 32 00  ..............2.
00000592  D4 04 00 00 33 00 0A 00 00 00 15 00 00 00 34 00  Ô...3.........4.
00000608  07 00 00 00 00 35 00 13 00 00 00 65 5F 69 5F 61  .....5.....e_i_a
00000624  72 31 61 2E 62 6D 70 00 36 00 0E 00 00 00 41 72  r1a.bmp.6.....Ar
00000640  63 74 69 63 31 00 37 00 16 00 00 00 E2 27 00 00  ctic1.7.....â'..
00000656  95 11 00 00 00 00 00 00 00 00 00 00 28 00 21 00  •...........(.!.
00000672  00 00 29 00 0A 00 00 00 71 17 00 00 2A 00 0A 00  ..).....q...*...
00000688  00 00 04 00 00 00 2B 00 07 00 00 00 00 28 00 21  ......+......(.!
00000704  00 00 00 29 00 0A 00 00 00 72 17 00 00 2A 00 0A  ...).....r...*..
00000720  00 00 00 04 00 00 00 2B 00 07 00 00 00 00 28 00  .......+......(.
00000736  21 00 00 00 29 00 0A 00 00 00 73 17 00 00 2A 00  !...).....s...*.
00000752  0A 00 00 00 04 00 00 00 2B 00 07 00 00 00 00 28  ........+......(
00000768  00 21 00 00 00 29 00 0A 00 00 00 74 17 00 00 2A  .!...).....t...*
00000784  00 0A 00 00 00 04 00 00 00 2B 00 07 00 00 00 00  .........+......
00000800  28 00 21 00 00 00 29 00 0A 00 00 00 75 17 00 00  (.!...).....u...
00000816  2A 00 0A 00 00 00 04 00 00 00 2B 00 07 00 00 00  *.........+.....
00000832  01 28 00 21 00 00 00 29 00 0A 00 00 00 76 17 00  .(.!...).....v..
00000848  00 2A 00 0A 00 00 00 04 00 00 00 2B 00 07 00 00  .*.........+....
00000864  00 01 28 00 21 00 00 00 29 00 0A 00 00 00 AF 17  ..(.!...).....¯.
00000880  00 00 2A 00 0A 00 00 00 04 00 00 00 2B 00 07 00  ..*.........+...
00000896  00 00 00 05 00 9F 03 00 00 0A 00 3F 00 00 00 0D  .....Ÿ.....?....
00000912  00 07 00 00 00 01 0B 00 18 00 00 00 42 72 69 65  ............Brie
00000928  66 41 72 63 74 69 63 31 61 2E 62 69 6B 00 0C 00  fArctic1a.bik...
00000944  1A 00 00 00 42 72 69 65 66 69 6E 67 20 41 72 6B  ....Briefing Ark
00000960  74 69 64 61 20 31 41 00 14 00 36 03 00 00 15 00  tida 1A...6.....
00000976  0A 00 00 00 03 00 00 00 17 00 07 00 00 00 01 16  ................
00000992  00 07 00 00 00 01 18 00 16 00 00 00 02 00 00 00  ................
00001008  05 00 00 00 FF FF FF FF 00 CD CD CD 18 00 16 00  ....ÿÿÿÿ.ÍÍÍ....
00001024  00 00 02 00 00 00 19 00 00 00 FF FF FF FF 01 CD  ..........ÿÿÿÿ.Í
00001040  CD CD 18 00 16 00 00 00 06 00 00 00 06 00 00 00  ÍÍ..............
00001056  FF FF FF FF 00 CD CD CD 18 00 16 00 00 00 06 00  ÿÿÿÿ.ÍÍÍ........
00001072  00 00 3C 00 00 00 FF FF FF FF 01 CD CD CD 18 00  ..<...ÿÿÿÿ.ÍÍÍ..
00001088  16 00 00 00 0A 00 00 00 03 00 00 00 FF FF FF FF  ............ÿÿÿÿ
00001104  00 CD CD CD 18 00 16 00 00 00 0A 00 00 00 23 00  .ÍÍÍ..........#.
00001120  00 00 FF FF FF FF 01 CD CD CD 18 00 16 00 00 00  ..ÿÿÿÿ.ÍÍÍ......
00001136  0E 00 00 00 05 00 00 00 FF FF FF FF 00 CD CD CD  ........ÿÿÿÿ.ÍÍÍ
00001152  18 00 16 00 00 00 0E 00 00 00 32 00 00 00 FF FF  ..........2...ÿÿ
00001168  FF FF 01 CD CD CD 18 00 16 00 00 00 0F 00 00 00  ÿÿ.ÍÍÍ..........
00001184  08 00 00 00 FF FF FF FF 01 CD CD CD 18 00 16 00  ....ÿÿÿÿ.ÍÍÍ....
00001200  00 00 15 00 00 00 03 00 00 00 FF FF FF FF 00 CD  ..........ÿÿÿÿ.Í
00001216  CD CD 18 00 16 00 00 00 15 00 00 00 18 00 00 00  ÍÍ..............
00001232  FF FF FF FF 01 CD CD CD 18 00 16 00 00 00 1D 00  ÿÿÿÿ.ÍÍÍ........
00001248  00 00 01 00 00 00 FF FF FF FF 00 CD CD CD 18 00  ......ÿÿÿÿ.ÍÍÍ..
00001264  16 00 00 00 1D 00 00 00 0C 00 00 00 FF FF FF FF  ............ÿÿÿÿ
00001280  01 CD CD CD 18 00 16 00 00 00 39 00 00 00 0A 00  .ÍÍÍ......9.....
00001296  00 00 FF FF FF FF 00 CD CD CD 18 00 16 00 00 00  ..ÿÿÿÿ.ÍÍÍ......
00001312  3B 00 00 00 04 00 00 00 FF FF FF FF 00 CD CD CD  ;.......ÿÿÿÿ.ÍÍÍ
00001328  18 00 16 00 00 00 63 00 00 00 07 00 00 00 FF FF  ......c.......ÿÿ
00001344  FF FF 00 CD CD CD 18 00 16 00 00 00 66 00 00 00  ÿÿ.ÍÍÍ......f...
00001360  06 00 00 00 FF FF FF FF 00 CD CD CD 18 00 16 00  ....ÿÿÿÿ.ÍÍÍ....
00001376  00 00 65 00 00 00 08 00 00 00 FF FF FF FF 00 CD  ..e.......ÿÿÿÿ.Í
00001392  CD CD 18 00 16 00 00 00 7A 00 00 00 08 00 00 00  ÍÍ......z.......
00001408  FF FF FF FF 00 CD CD CD 18 00 16 00 00 00 3C 00  ÿÿÿÿ.ÍÍÍ......<.
00001424  00 00 0C 00 00 00 FF FF FF FF 00 CD CD CD 18 00  ......ÿÿÿÿ.ÍÍÍ..
00001440  16 00 00 00 3E 00 00 00 0D 00 00 00 FF FF FF FF  ....>.......ÿÿÿÿ
00001456  00 CD CD CD 18 00 16 00 00 00 52 00 00 00 07 00  .ÍÍÍ......R.....
00001472  00 00 FF FF FF FF 00 CD CD CD 18 00 16 00 00 00  ..ÿÿÿÿ.ÍÍÍ......
00001488  07 00 00 00 04 00 00 00 FF FF FF FF 00 CD CD CD  ........ÿÿÿÿ.ÍÍÍ
00001504  18 00 16 00 00 00 07 00 00 00 23 00 00 00 FF FF  ..........#...ÿÿ
00001520  FF FF 01 CD CD CD 18 00 16 00 00 00 36 00 00 00  ÿÿ.ÍÍÍ......6...
00001536  06 00 00 00 FF FF FF FF 00 CD CD CD 18 00 16 00  ....ÿÿÿÿ.ÍÍÍ....
00001552  00 00 35 00 00 00 02 00 00 00 FF FF FF FF 00 CD  ..5.......ÿÿÿÿ.Í
00001568  CD CD 18 00 16 00 00 00 01 00 00 00 04 00 00 00  ÍÍ..............
00001584  FF FF FF FF 00 CD CD CD 18 00 16 00 00 00 01 00  ÿÿÿÿ.ÍÍÍ........
00001600  00 00 14 00 00 00 FF FF FF FF 01 CD CD CD 18 00  ......ÿÿÿÿ.ÍÍÍ..
00001616  16 00 00 00 44 00 00 00 05 00 00 00 FF FF FF FF  ....D.......ÿÿÿÿ
00001632  00 CD CD CD 18 00 16 00 00 00 E5 00 00 00 01 00  .ÍÍÍ......å.....
00001648  00 00 FF FF FF FF 00 CD CD CD 18 00 16 00 00 00  ..ÿÿÿÿ.ÍÍÍ......
00001664  16 00 00 00 01 00 00 00 FF FF FF FF 00 CD CD CD  ........ÿÿÿÿ.ÍÍÍ
00001680  18 00 16 00 00 00 0F 00 00 00 01 00 00 00 FF FF  ..............ÿÿ
00001696  FF FF 00 CD CD CD 18 00 16 00 00 00 0B 00 00 00  ÿÿ.ÍÍÍ..........
00001712  02 00 00 00 FF FF FF FF 00 CD CD CD 18 00 16 00  ....ÿÿÿÿ.ÍÍÍ....
00001728  00 00 0B 00 00 00 18 00 00 00 FF FF FF FF 01 CD  ..........ÿÿÿÿ.Í
00001744  CD CD 18 00 16 00 00 00 09 00 00 00 04 00 00 00  ÍÍ..............
00001760  FF FF FF FF 00 CD CD CD 18 00 16 00 00 00 42 00  ÿÿÿÿ.ÍÍÍ......B.
00001776  00 00 01 00 00 00 FF FF FF FF 00 CD CD CD 1E 00  ......ÿÿÿÿ.ÍÍÍ..
00001792  06 00 00 00 14 00 1E 00 00 00 15 00 0A 00 00 00  ................
00001808  05 00 00 00 17 00 07 00 00 00 01 16 00 07 00 00  ................
00001824  00 00 32 00 DA 02 00 00 33 00 0A 00 00 00 16 00  ..2.Ú...3.......
00001840  00 00 34 00 07 00 00 00 00 35 00 13 00 00 00 65  ..4......5.....e
00001856  5F 69 5F 61 72 31 62 2E 62 6D 70 00 36 00 0E 00  _i_ar1b.bmp.6...
00001872  00 00 41 72 63 74 69 63 32 00 37 00 16 00 00 00  ..Arctic2.7.....
00001888  EC 27 00 00 9F 11 00 00 00 00 00 00 00 00 00 00  ì'..Ÿ...........
00001904  28 00 21 00 00 00 29 00 0A 00 00 00 7B 17 00 00  (.!...).....{...
00001920  2A 00 0A 00 00 00 04 00 00 00 2B 00 07 00 00 00  *.........+.....
00001936  00 28 00 21 00 00 00 29 00 0A 00 00 00 7C 17 00  .(.!...).....|..
00001952  00 2A 00 0A 00 00 00 04 00 00 00 2B 00 07 00 00  .*.........+....
00001968  00 00 28 00 21 00 00 00 29 00 0A 00 00 00 7E 17  ..(.!...).....~.
00001984  00 00 2A 00 0A 00 00 00 04 00 00 00 2B 00 07 00  ..*.........+...
00002000  00 00 00 28 00 21 00 00 00 29 00 0A 00 00 00 7D  ...(.!...).....}
00002016  17 00 00 2A 00 0A 00 00 00 04 00 00 00 2B 00 07  ...*.........+..
00002032  00 00 00 00 28 00 21 00 00 00 29 00 0A 00 00 00  ....(.!...).....
00002048  7F 17 00 00 2A 00 0A 00 00 00 04 00 00 00 2B 00  ....*.........+.
00002064  07 00 00 00 01 28 00 21 00 00 00 29 00 0A 00 00  .....(.!...)....
00002080  00 80 17 00 00 2A 00 0A 00 00 00 04 00 00 00 2B  .€...*.........+
00002096  00 07 00 00 00 01 28 00 21 00 00 00 29 00 0A 00  ......(.!...)...
00002112  00 00 AF 17 00 00 2A 00 0A 00 00 00 04 00 00 00  ..¯...*.........
00002128  2B 00 07 00 00 00 00 05 00 A5 01 00 00 0A 00 3F  +........¥.....?
00002144  00 00 00 0D 00 07 00 00 00 01 0B 00 18 00 00 00  ................
00002160  42 72 69 65 66 41 72 63 74 69 63 31 62 2E 62 69  BriefArctic1b.bi
00002176  6B 00 0C 00 1A 00 00 00 42 72 69 65 66 69 6E 67  k.......Briefing
00002192  20 41 72 6B 74 69 64 61 20 31 42 00 14 00 3C 01   Arktida 1B...<.
00002208  00 00 15 00 0A 00 00 00 04 00 00 00 17 00 07 00  ................
00002224  00 00 01 16 00 07 00 00 00 00 18 00 16 00 00 00  ................
00002240  01 00 00 00 03 00 00 00 FF FF FF FF 00 CD CD CD  ........ÿÿÿÿ.ÍÍÍ
00002256  18 00 16 00 00 00 01 00 00 00 0F 00 00 00 FF FF  ..............ÿÿ
00002272  FF FF 01 CD CD CD 18 00 16 00 00 00 07 00 00 00  ÿÿ.ÍÍÍ..........
00002288  01 00 00 00 FF FF FF FF 00 CD CD CD 18 00 16 00  ....ÿÿÿÿ.ÍÍÍ....
00002304  00 00 07 00 00 00 06 00 00 00 FF FF FF FF 01 CD  ..........ÿÿÿÿ.Í
00002320  CD CD 18 00 16 00 00 00 0A 00 00 00 01 00 00 00  ÍÍ..............
00002336  FF FF FF FF 00 CD CD CD 18 00 16 00 00 00 0A 00  ÿÿÿÿ.ÍÍÍ........
00002352  00 00 0D 00 00 00 FF FF FF FF 01 CD CD CD 18 00  ......ÿÿÿÿ.ÍÍÍ..
00002368  16 00 00 00 1C 00 00 00 01 00 00 00 FF FF FF FF  ............ÿÿÿÿ
00002384  00 CD CD CD 18 00 16 00 00 00 1C 00 00 00 09 00  .ÍÍÍ............
00002400  00 00 FF FF FF FF 01 CD CD CD 18 00 16 00 00 00  ..ÿÿÿÿ.ÍÍÍ......
00002416  3C 00 00 00 05 00 00 00 FF FF FF FF 00 CD CD CD  <.......ÿÿÿÿ.ÍÍÍ
00002432  18 00 16 00 00 00 3E 00 00 00 08 00 00 00 FF FF  ......>.......ÿÿ
00002448  FF FF 00 CD CD CD 18 00 16 00 00 00 15 00 00 00  ÿÿ.ÍÍÍ..........
00002464  0F 00 00 00 FF FF FF FF 01 CD CD CD 18 00 16 00  ....ÿÿÿÿ.ÍÍÍ....
00002480  00 00 04 00 00 00 01 00 00 00 FF FF FF FF 00 CD  ..........ÿÿÿÿ.Í
00002496  CD CD 18 00 16 00 00 00 04 00 00 00 07 00 00 00  ÍÍ..............
00002512  FF FF FF FF 01 CD CD CD 1E 00 06 00 00 00 14 00  ÿÿÿÿ.ÍÍÍ........
00002528  1E 00 00 00 15 00 0A 00 00 00 05 00 00 00 17 00  ................
00002544  07 00 00 00 01 16 00 07 00 00 00 00 32 00 CB 03  ............2.Ë.
00002560  00 00 33 00 0A 00 00 00 17 00 00 00 34 00 07 00  ..3.........4...
00002576  00 00 00 35 00 13 00 00 00 65 5F 69 5F 61 72 31  ...5.....e_i_ar1
00002592  63 2E 62 6D 70 00 36 00 0E 00 00 00 41 72 63 74  c.bmp.6.....Arct
00002608  69 63 33 00 37 00 16 00 00 00 F6 27 00 00 A9 11  ic3.7.....ö'..©.
00002624  00 00 00 00 00 00 00 00 00 00 28 00 21 00 00 00  ..........(.!...
00002640  29 00 0A 00 00 00 85 17 00 00 2A 00 0A 00 00 00  ).....…...*.....
00002656  04 00 00 00 2B 00 07 00 00 00 00 28 00 21 00 00  ....+......(.!..
00002672  00 29 00 0A 00 00 00 86 17 00 00 2A 00 0A 00 00  .).....†...*....
00002688  00 04 00 00 00 2B 00 07 00 00 00 00 28 00 21 00  .....+......(.!.
00002704  00 00 29 00 0A 00 00 00 87 17 00 00 2A 00 0A 00  ..).....‡...*...
00002720  00 00 04 00 00 00 2B 00 07 00 00 00 00 28 00 21  ......+......(.!
00002736  00 00 00 29 00 0A 00 00 00 88 17 00 00 2A 00 0A  ...).....ˆ...*..
00002752  00 00 00 04 00 00 00 2B 00 07 00 00 00 01 28 00  .......+......(.
00002768  21 00 00 00 29 00 0A 00 00 00 89 17 00 00 2A 00  !...).....‰...*.
00002784  0A 00 00 00 04 00 00 00 2B 00 07 00 00 00 01 28  ........+......(
00002800  00 21 00 00 00 29 00 0A 00 00 00 8A 17 00 00 2A  .!...).....Š...*
00002816  00 0A 00 00 00 04 00 00 00 2B 00 07 00 00 00 01  .........+......
00002832  28 00 21 00 00 00 29 00 0A 00 00 00 AF 17 00 00  (.!...).....¯...
00002848  2A 00 0A 00 00 00 04 00 00 00 2B 00 07 00 00 00  *.........+.....
00002864  00 05 00 96 02 00 00 0A 00 3E 00 00 00 0D 00 07  ...–.....>......
00002880  00 00 00 01 0B 00 18 00 00 00 42 72 69 65 66 41  ..........BriefA
00002896  72 63 74 69 63 31 63 2E 62 69 6B 00 0C 00 19 00  rctic1c.bik.....
00002912  00 00 42 72 69 65 66 69 6E 67 20 41 72 6B 74 69  ..Briefing Arkti
00002928  64 61 31 43 00 14 00 2E 02 00 00 15 00 0A 00 00  da1C............
00002944  00 04 00 00 00 17 00 07 00 00 00 01 16 00 07 00  ................
00002960  00 00 00 18 00 16 00 00 00 00 00 00 00 02 00 00  ................
00002976  00 FF FF FF FF 00 CD CD CD 18 00 16 00 00 00 00  .ÿÿÿÿ.ÍÍÍ.......
00002992  00 00 00 0E 00 00 00 FF FF FF FF 01 CD CD CD 18  .......ÿÿÿÿ.ÍÍÍ.
00003008  00 16 00 00 00 02 00 00 00 01 00 00 00 FF FF FF  .............ÿÿÿ
00003024  FF 00 CD CD CD 18 00 16 00 00 00 02 00 00 00 08  ÿ.ÍÍÍ...........
00003040  00 00 00 FF FF FF FF 01 CD CD CD 18 00 16 00 00  ...ÿÿÿÿ.ÍÍÍ.....
00003056  00 06 00 00 00 07 00 00 00 FF FF FF FF 01 CD CD  .........ÿÿÿÿ.ÍÍ
00003072  CD 18 00 16 00 00 00 07 00 00 00 05 00 00 00 FF  Í..............ÿ
00003088  FF FF FF 01 CD CD CD 18 00 16 00 00 00 0A 00 00  ÿÿÿ.ÍÍÍ.........
00003104  00 0F 00 00 00 FF FF FF FF 01 CD CD CD 18 00 16  .....ÿÿÿÿ.ÍÍÍ...
00003120  00 00 00 0B 00 00 00 02 00 00 00 FF FF FF FF 00  ...........ÿÿÿÿ.
00003136  CD CD CD 18 00 16 00 00 00 0B 00 00 00 12 00 00  ÍÍÍ.............
00003152  00 FF FF FF FF 01 CD CD CD 18 00 16 00 00 00 0E  .ÿÿÿÿ.ÍÍÍ.......
00003168  00 00 00 01 00 00 00 FF FF FF FF 00 CD CD CD 18  .......ÿÿÿÿ.ÍÍÍ.
00003184  00 16 00 00 00 0E 00 00 00 0A 00 00 00 FF FF FF  .............ÿÿÿ
00003200  FF 01 CD CD CD 18 00 16 00 00 00 0F 00 00 00 01  ÿ.ÍÍÍ...........
00003216  00 00 00 FF FF FF FF 00 CD CD CD 18 00 16 00 00  ...ÿÿÿÿ.ÍÍÍ.....
00003232  00 0F 00 00 00 0B 00 00 00 FF FF FF FF 01 CD CD  .........ÿÿÿÿ.ÍÍ
00003248  CD 18 00 16 00 00 00 12 00 00 00 01 00 00 00 FF  Í..............ÿ
00003264  FF FF FF 00 CD CD CD 18 00 16 00 00 00 12 00 00  ÿÿÿ.ÍÍÍ.........
00003280  00 0F 00 00 00 FF FF FF FF 01 CD CD CD 18 00 16  .....ÿÿÿÿ.ÍÍÍ...
00003296  00 00 00 27 00 00 00 01 00 00 00 FF FF FF FF 00  ...'.......ÿÿÿÿ.
00003312  CD CD CD 18 00 16 00 00 00 27 00 00 00 0A 00 00  ÍÍÍ......'......
00003328  00 FF FF FF FF 01 CD CD CD 18 00 16 00 00 00 39  .ÿÿÿÿ.ÍÍÍ......9
00003344  00 00 00 0C 00 00 00 FF FF FF FF 00 CD CD CD 18  .......ÿÿÿÿ.ÍÍÍ.
00003360  00 16 00 00 00 38 00 00 00 02 00 00 00 FF FF FF  .....8.......ÿÿÿ
00003376  FF 00 CD CD CD 18 00 16 00 00 00 3B 00 00 00 03  ÿ.ÍÍÍ......;....
00003392  00 00 00 FF FF FF FF 00 CD CD CD 18 00 16 00 00  ...ÿÿÿÿ.ÍÍÍ.....
00003408  00 3C 00 00 00 12 00 00 00 FF FF FF FF 00 CD CD  .<.......ÿÿÿÿ.ÍÍ
00003424  CD 18 00 16 00 00 00 3E 00 00 00 0D 00 00 00 FF  Í......>.......ÿ
00003440  FF FF FF 00 CD CD CD 18 00 16 00 00 00 16 00 00  ÿÿÿ.ÍÍÍ.........
00003456  00 01 00 00 00 FF FF FF FF 00 CD CD CD 18 00 16  .....ÿÿÿÿ.ÍÍÍ...
00003472  00 00 00 16 00 00 00 08 00 00 00 FF FF FF FF 01  ...........ÿÿÿÿ.
00003488  CD CD CD 1E 00 06 00 00 00 14 00 1E 00 00 00 15  ÍÍÍ.............
00003504  00 0A 00 00 00 05 00 00 00 17 00 07 00 00 00 01  ................
00003520  16 00 07 00 00 00 00 32 00 3E 04 00 00 33 00 0A  .......2.>...3..
00003536  00 00 00 18 00 00 00 34 00 07 00 00 00 00 35 00  .......4......5.
00003552  12 00 00 00 65 5F 69 5F 61 72 33 2E 62 6D 70 00  ....e_i_ar3.bmp.
00003568  36 00 0E 00 00 00 41 72 63 74 69 63 34 00 37 00  6.....Arctic4.7.
00003584  16 00 00 00 00 28 00 00 B3 11 00 00 00 00 00 00  .....(..³.......
00003600  00 00 00 00 28 00 21 00 00 00 29 00 0A 00 00 00  ....(.!...).....
00003616  8F 17 00 00 2A 00 0A 00 00 00 04 00 00 00 2B 00  ....*.........+.
00003632  07 00 00 00 00 28 00 21 00 00 00 29 00 0A 00 00  .....(.!...)....
00003648  00 94 17 00 00 2A 00 0A 00 00 00 04 00 00 00 2B  .”...*.........+
00003664  00 07 00 00 00 00 28 00 21 00 00 00 29 00 0A 00  ......(.!...)...
00003680  00 00 90 17 00 00 2A 00 0A 00 00 00 04 00 00 00  ......*.........
00003696  2B 00 07 00 00 00 00 28 00 21 00 00 00 29 00 0A  +......(.!...)..
00003712  00 00 00 93 17 00 00 2A 00 0A 00 00 00 04 00 00  ...“...*........
00003728  00 2B 00 07 00 00 00 00 28 00 21 00 00 00 29 00  .+......(.!...).
00003744  0A 00 00 00 92 17 00 00 2A 00 0A 00 00 00 04 00  ....’...*.......
00003760  00 00 2B 00 07 00 00 00 00 28 00 21 00 00 00 29  ..+......(.!...)
00003776  00 0A 00 00 00 91 17 00 00 2A 00 0A 00 00 00 04  .....‘...*......
00003792  00 00 00 2B 00 07 00 00 00 00 28 00 21 00 00 00  ...+......(.!...
00003808  29 00 0A 00 00 00 96 17 00 00 2A 00 0A 00 00 00  ).....–...*.....
00003824  04 00 00 00 2B 00 07 00 00 00 01 28 00 21 00 00  ....+......(.!..
00003840  00 29 00 0A 00 00 00 95 17 00 00 2A 00 0A 00 00  .).....•...*....
00003856  00 04 00 00 00 2B 00 07 00 00 00 01 28 00 21 00  .....+......(.!.
00003872  00 00 29 00 0A 00 00 00 AF 17 00 00 2A 00 0A 00  ..).....¯...*...
00003888  00 00 04 00 00 00 2B 00 07 00 00 00 00 05 00 C8  ......+........È
00003904  02 00 00 14 00 1E 00 00 00 15 00 0A 00 00 00 01  ................
00003920  00 00 00 17 00 07 00 00 00 00 16 00 07 00 00 00  ................
00003936  00 0A 00 3C 00 00 00 0D 00 07 00 00 00 01 0B 00  ...<............
00003952  17 00 00 00 42 72 69 65 66 41 72 63 74 69 63 32  ....BriefArctic2
00003968  2E 62 69 6B 00 0C 00 18 00 00 00 42 72 69 65 66  .bik.......Brief
00003984  69 6E 67 20 41 72 6B 74 69 64 61 33 00 14 00 44  ing Arktida3...D
00004000  02 00 00 15 00 0A 00 00 00 04 00 00 00 17 00 07  ................
00004016  00 00 00 01 16 00 07 00 00 00 00 18 00 16 00 00  ................
00004032  00 01 00 00 00 0D 00 00 00 FF FF FF FF 01 CD CD  .........ÿÿÿÿ.ÍÍ
00004048  CD 18 00 16 00 00 00 04 00 00 00 02 00 00 00 FF  Í..............ÿ
00004064  FF FF FF 00 CD CD CD 18 00 16 00 00 00 04 00 00  ÿÿÿ.ÍÍÍ.........
00004080  00 08 00 00 00 FF FF FF FF 01 CD CD CD 18 00 16  .....ÿÿÿÿ.ÍÍÍ...
00004096  00 00 00 0A 00 00 00 02 00 00 00 FF FF FF FF 00  ...........ÿÿÿÿ.
00004112  CD CD CD 18 00 16 00 00 00 0A 00 00 00 0F 00 00  ÍÍÍ.............
00004128  00 FF FF FF FF 01 CD CD CD 18 00 16 00 00 00 0E  .ÿÿÿÿ.ÍÍÍ.......
00004144  00 00 00 02 00 00 00 FF FF FF FF 00 CD CD CD 18  .......ÿÿÿÿ.ÍÍÍ.
00004160  00 16 00 00 00 0E 00 00 00 0C 00 00 00 FF FF FF  .............ÿÿÿ
00004176  FF 01 CD CD CD 18 00 16 00 00 00 11 00 00 00 0A  ÿ.ÍÍÍ...........
00004192  00 00 00 FF FF FF FF 01 CD CD CD 18 00 16 00 00  ...ÿÿÿÿ.ÍÍÍ.....
00004208  00 12 00 00 00 01 00 00 00 FF FF FF FF 00 CD CD  .........ÿÿÿÿ.ÍÍ
00004224  CD 18 00 16 00 00 00 12 00 00 00 0C 00 00 00 FF  Í..............ÿ
00004240  FF FF FF 01 CD CD CD 18 00 16 00 00 00 15 00 00  ÿÿÿ.ÍÍÍ.........
00004256  00 05 00 00 00 FF FF FF FF 00 CD CD CD 18 00 16  .....ÿÿÿÿ.ÍÍÍ...
00004272  00 00 00 15 00 00 00 32 00 00 00 FF FF FF FF 01  .......2...ÿÿÿÿ.
00004288  CD CD CD 18 00 16 00 00 00 17 00 00 00 01 00 00  ÍÍÍ.............
00004304  00 FF FF FF FF 00 CD CD CD 18 00 16 00 00 00 17  .ÿÿÿÿ.ÍÍÍ.......
00004320  00 00 00 1E 00 00 00 FF FF FF FF 01 CD CD CD 18  .......ÿÿÿÿ.ÍÍÍ.
00004336  00 16 00 00 00 1C 00 00 00 03 00 00 00 FF FF FF  .............ÿÿÿ
00004352  FF 00 CD CD CD 18 00 16 00 00 00 1C 00 00 00 19  ÿ.ÍÍÍ...........
00004368  00 00 00 FF FF FF FF 01 CD CD CD 18 00 16 00 00  ...ÿÿÿÿ.ÍÍÍ.....
00004384  00 1D 00 00 00 01 00 00 00 FF FF FF FF 00 CD CD  .........ÿÿÿÿ.ÍÍ
00004400  CD 18 00 16 00 00 00 1D 00 00 00 0A 00 00 00 FF  Í..............ÿ
00004416  FF FF FF 01 CD CD CD 18 00 16 00 00 00 38 00 00  ÿÿÿ.ÍÍÍ......8..
00004432  00 01 00 00 00 FF FF FF FF 00 CD CD CD 18 00 16  .....ÿÿÿÿ.ÍÍÍ...
00004448  00 00 00 3C 00 00 00 0A 00 00 00 FF FF FF FF 00  ...<.......ÿÿÿÿ.
00004464  CD CD CD 18 00 16 00 00 00 3E 00 00 00 0A 00 00  ÍÍÍ......>......
00004480  00 FF FF FF FF 00 CD CD CD 18 00 16 00 00 00 14  .ÿÿÿÿ.ÍÍÍ.......
00004496  00 00 00 03 00 00 00 FF FF FF FF 00 CD CD CD 18  .......ÿÿÿÿ.ÍÍÍ.
00004512  00 16 00 00 00 14 00 00 00 1E 00 00 00 FF FF FF  .............ÿÿÿ
00004528  FF 01 CD CD CD 18 00 16 00 00 00 0D 00 00 00 01  ÿ.ÍÍÍ...........
00004544  00 00 00 FF FF FF FF 00 CD CD CD 18 00 16 00 00  ...ÿÿÿÿ.ÍÍÍ.....
00004560  00 0D 00 00 00 05 00 00 00 FF FF FF FF 01 CD CD  .........ÿÿÿÿ.ÍÍ
00004576  CD 1E 00 06 00 00 00 14 00 1E 00 00 00 15 00 0A  Í...............
00004592  00 00 00 05 00 00 00 17 00 07 00 00 00 01 16 00  ................
00004608  07 00 00 00 00 3C 00 A9 10 00 00 3D 00 0A 00 00  .....<.©...=....
00004624  00 CA 00 00 00 3E 00 07 00 00 00 00 05 00 92 10  .Ê...>........’.
00004640  00 00 14 00 1E 00 00 00 15 00 0A 00 00 00 02 00  ................
00004656  00 00 17 00 07 00 00 00 01 16 00 07 00 00 00 00  ................
00004672  32 00 7D 06 00 00 33 00 0A 00 00 00 19 00 00 00  2.}...3.........
00004688  34 00 07 00 00 00 00 35 00 12 00 00 00 65 5F 69  4......5.....e_i
00004704  5F 61 66 31 2E 62 6D 70 00 36 00 0E 00 00 00 41  _af1.bmp.6.....A
00004720  66 72 69 63 61 31 00 37 00 16 00 00 00 0A 28 00  frica1.7......(.
00004736  00 BD 11 00 00 00 00 00 00 00 00 00 00 28 00 21  .½...........(.!
00004752  00 00 00 29 00 0A 00 00 00 99 17 00 00 2A 00 0A  ...).....™...*..
00004768  00 00 00 04 00 00 00 2B 00 07 00 00 00 00 28 00  .......+......(.
00004784  21 00 00 00 29 00 0A 00 00 00 9A 17 00 00 2A 00  !...).....š...*.
00004800  0A 00 00 00 04 00 00 00 2B 00 07 00 00 00 00 28  ........+......(
00004816  00 21 00 00 00 29 00 0A 00 00 00 9B 17 00 00 2A  .!...).....›...*
00004832  00 0A 00 00 00 04 00 00 00 2B 00 07 00 00 00 00  .........+......
00004848  28 00 21 00 00 00 29 00 0A 00 00 00 9C 17 00 00  (.!...).....œ...
00004864  2A 00 0A 00 00 00 04 00 00 00 2B 00 07 00 00 00  *.........+.....
00004880  01 28 00 21 00 00 00 29 00 0A 00 00 00 9E 17 00  .(.!...).....ž..
00004896  00 2A 00 0A 00 00 00 04 00 00 00 2B 00 07 00 00  .*.........+....
00004912  00 00 28 00 21 00 00 00 29 00 0A 00 00 00 9D 17  ..(.!...).......
00004928  00 00 2A 00 0A 00 00 00 04 00 00 00 2B 00 07 00  ..*.........+...
00004944  00 00 01 28 00 21 00 00 00 29 00 0A 00 00 00 9F  ...(.!...).....Ÿ
00004960  17 00 00 2A 00 0A 00 00 00 04 00 00 00 2B 00 07  ...*.........+..
00004976  00 00 00 01 28 00 21 00 00 00 29 00 0A 00 00 00  ....(.!...).....
00004992  AF 17 00 00 2A 00 0A 00 00 00 04 00 00 00 2B 00  ¯...*.........+.
00005008  07 00 00 00 00 28 00 21 00 00 00 29 00 0A 00 00  .....(.!...)....
00005024  00 A0 17 00 00 2A 00 0A 00 00 00 04 00 00 00 2B  . ...*.........+
00005040  00 07 00 00 00 00 28 00 21 00 00 00 29 00 0A 00  ......(.!...)...
00005056  00 00 A1 17 00 00 2A 00 0A 00 00 00 04 00 00 00  ..¡...*.........
00005072  2B 00 07 00 00 00 00 05 00 E6 04 00 00 0A 00 3C  +........æ.....<
00005088  00 00 00 0D 00 07 00 00 00 01 0B 00 17 00 00 00  ................
00005104  42 72 69 65 66 41 66 72 69 63 61 31 2E 62 69 6B  BriefAfrica1.bik
00005120  00 0C 00 18 00 00 00 42 72 69 65 66 69 6E 67 20  .......Briefing 
00005136  41 66 72 69 6B 61 20 31 00 14 00 80 04 00 00 15  Afrika 1...€....
00005152  00 0A 00 00 00 03 00 00 00 17 00 07 00 00 00 01  ................
00005168  16 00 07 00 00 00 01 18 00 16 00 00 00 77 00 00  .............w..
00005184  00 0A 00 00 00 FF FF FF FF 00 CD CD CD 18 00 16  .....ÿÿÿÿ.ÍÍÍ...
00005200  00 00 00 E4 00 00 00 0A 00 00 00 FF FF FF FF 00  ...ä.......ÿÿÿÿ.
00005216  CD CD CD 18 00 16 00 00 00 76 00 00 00 04 00 00  ÍÍÍ......v......
00005232  00 FF FF FF FF 00 CD CD CD 18 00 16 00 00 00 36  .ÿÿÿÿ.ÍÍÍ......6
00005248  00 00 00 08 00 00 00 FF FF FF FF 00 CD CD CD 18  .......ÿÿÿÿ.ÍÍÍ.
00005264  00 16 00 00 00 35 00 00 00 03 00 00 00 FF FF FF  .....5.......ÿÿÿ
00005280  FF 00 CD CD CD 18 00 16 00 00 00 7B 00 00 00 08  ÿ.ÍÍÍ......{....
00005296  00 00 00 FF FF FF FF 00 CD CD CD 18 00 16 00 00  ...ÿÿÿÿ.ÍÍÍ.....
00005312  00 4F 00 00 00 05 00 00 00 FF FF FF FF 00 CD CD  .O.......ÿÿÿÿ.ÍÍ
00005328  CD 18 00 16 00 00 00 50 00 00 00 05 00 00 00 FF  Í......P.......ÿ
00005344  FF FF FF 00 CD CD CD 18 00 16 00 00 00 51 00 00  ÿÿÿ.ÍÍÍ......Q..
00005360  00 0A 00 00 00 FF FF FF FF 00 CD CD CD 18 00 16  .....ÿÿÿÿ.ÍÍÍ...
00005376  00 00 00 66 00 00 00 08 00 00 00 FF FF FF FF 00  ...f.......ÿÿÿÿ.
00005392  CD CD CD 18 00 16 00 00 00 67 00 00 00 04 00 00  ÍÍÍ......g......
00005408  00 FF FF FF FF 00 CD CD CD 18 00 16 00 00 00 01  .ÿÿÿÿ.ÍÍÍ.......
00005424  00 00 00 05 00 00 00 FF FF FF FF 00 CD CD CD 18  .......ÿÿÿÿ.ÍÍÍ.
00005440  00 16 00 00 00 01 00 00 00 32 00 00 00 FF FF FF  .........2...ÿÿÿ
00005456  FF 01 CD CD CD 18 00 16 00 00 00 04 00 00 00 02  ÿ.ÍÍÍ...........
00005472  00 00 00 FF FF FF FF 00 CD CD CD 18 00 16 00 00  ...ÿÿÿÿ.ÍÍÍ.....
00005488  00 04 00 00 00 12 00 00 00 FF FF FF FF 01 CD CD  .........ÿÿÿÿ.ÍÍ
00005504  CD 18 00 16 00 00 00 06 00 00 00 02 00 00 00 FF  Í..............ÿ
00005520  FF FF FF 00 CD CD CD 18 00 16 00 00 00 06 00 00  ÿÿÿ.ÍÍÍ.........
00005536  00 0C 00 00 00 FF FF FF FF 01 CD CD CD 18 00 16  .....ÿÿÿÿ.ÍÍÍ...
00005552  00 00 00 07 00 00 00 01 00 00 00 FF FF FF FF 00  ...........ÿÿÿÿ.
00005568  CD CD CD 18 00 16 00 00 00 07 00 00 00 0A 00 00  ÍÍÍ.............
00005584  00 FF FF FF FF 01 CD CD CD 18 00 16 00 00 00 0A  .ÿÿÿÿ.ÍÍÍ.......
00005600  00 00 00 02 00 00 00 FF FF FF FF 00 CD CD CD 18  .......ÿÿÿÿ.ÍÍÍ.
00005616  00 16 00 00 00 0A 00 00 00 0F 00 00 00 FF FF FF  .............ÿÿÿ
00005632  FF 01 CD CD CD 18 00 16 00 00 00 0B 00 00 00 02  ÿ.ÍÍÍ...........
00005648  00 00 00 FF FF FF FF 00 CD CD CD 18 00 16 00 00  ...ÿÿÿÿ.ÍÍÍ.....
00005664  00 0B 00 00 00 14 00 00 00 FF FF FF FF 01 CD CD  .........ÿÿÿÿ.ÍÍ
00005680  CD 18 00 16 00 00 00 0E 00 00 00 02 00 00 00 FF  Í..............ÿ
00005696  FF FF FF 00 CD CD CD 18 00 16 00 00 00 0E 00 00  ÿÿÿ.ÍÍÍ.........
00005712  00 14 00 00 00 FF FF FF FF 01 CD CD CD 18 00 16  .....ÿÿÿÿ.ÍÍÍ...
00005728  00 00 00 0F 00 00 00 01 00 00 00 FF FF FF FF 00  ...........ÿÿÿÿ.
00005744  CD CD CD 18 00 16 00 00 00 0F 00 00 00 08 00 00  ÍÍÍ.............
00005760  00 FF FF FF FF 01 CD CD CD 18 00 16 00 00 00 1C  .ÿÿÿÿ.ÍÍÍ.......
00005776  00 00 00 01 00 00 00 FF FF FF FF 00 CD CD CD 18  .......ÿÿÿÿ.ÍÍÍ.
00005792  00 16 00 00 00 1C 00 00 00 0F 00 00 00 FF FF FF  .............ÿÿÿ
00005808  FF 01 CD CD CD 18 00 16 00 00 00 27 00 00 00 02  ÿ.ÍÍÍ......'....
00005824  00 00 00 FF FF FF FF 00 CD CD CD 18 00 16 00 00  ...ÿÿÿÿ.ÍÍÍ.....
00005840  00 27 00 00 00 08 00 00 00 FF FF FF FF 01 CD CD  .'.......ÿÿÿÿ.ÍÍ
00005856  CD 18 00 16 00 00 00 38 00 00 00 02 00 00 00 FF  Í......8.......ÿ
00005872  FF FF FF 00 CD CD CD 18 00 16 00 00 00 39 00 00  ÿÿÿ.ÍÍÍ......9..
00005888  00 08 00 00 00 FF FF FF FF 00 CD CD CD 18 00 16  .....ÿÿÿÿ.ÍÍÍ...
00005904  00 00 00 3C 00 00 00 14 00 00 00 FF FF FF FF 00  ...<.......ÿÿÿÿ.
00005920  CD CD CD 18 00 16 00 00 00 3E 00 00 00 16 00 00  ÍÍÍ......>......
00005936  00 FF FF FF FF 00 CD CD CD 18 00 16 00 00 00 46  .ÿÿÿÿ.ÍÍÍ......F
00005952  00 00 00 05 00 00 00 FF FF FF FF 00 CD CD CD 18  .......ÿÿÿÿ.ÍÍÍ.
00005968  00 16 00 00 00 47 00 00 00 02 00 00 00 FF FF FF  .....G.......ÿÿÿ
00005984  FF 00 CD CD CD 18 00 16 00 00 00 44 00 00 00 0F  ÿ.ÍÍÍ......D....
00006000  00 00 00 FF FF FF FF 00 CD CD CD 18 00 16 00 00  ...ÿÿÿÿ.ÍÍÍ.....
00006016  00 15 00 00 00 04 00 00 00 FF FF FF FF 00 CD CD  .........ÿÿÿÿ.ÍÍ
00006032  CD 18 00 16 00 00 00 15 00 00 00 32 00 00 00 FF  Í..........2...ÿ
00006048  FF FF FF 01 CD CD CD 18 00 16 00 00 00 14 00 00  ÿÿÿ.ÍÍÍ.........
00006064  00 02 00 00 00 FF FF FF FF 00 CD CD CD 18 00 16  .....ÿÿÿÿ.ÍÍÍ...
00006080  00 00 00 14 00 00 00 14 00 00 00 FF FF FF FF 01  ...........ÿÿÿÿ.
00006096  CD CD CD 18 00 16 00 00 00 12 00 00 00 01 00 00  ÍÍÍ.............
00006112  00 FF FF FF FF 00 CD CD CD 18 00 16 00 00 00 12  .ÿÿÿÿ.ÍÍÍ.......
00006128  00 00 00 0B 00 00 00 FF FF FF FF 01 CD CD CD 18  .......ÿÿÿÿ.ÍÍÍ.
00006144  00 16 00 00 00 1D 00 00 00 01 00 00 00 FF FF FF  .............ÿÿÿ
00006160  FF 00 CD CD CD 18 00 16 00 00 00 1D 00 00 00 0A  ÿ.ÍÍÍ...........
00006176  00 00 00 FF FF FF FF 01 CD CD CD 18 00 16 00 00  ...ÿÿÿÿ.ÍÍÍ.....
00006192  00 02 00 00 00 04 00 00 00 FF FF FF FF 00 CD CD  .........ÿÿÿÿ.ÍÍ
00006208  CD 18 00 16 00 00 00 02 00 00 00 10 00 00 00 FF  Í..............ÿ
00006224  FF FF FF 01 CD CD CD 18 00 16 00 00 00 09 00 00  ÿÿÿ.ÍÍÍ.........
00006240  00 04 00 00 00 FF FF FF FF 00 CD CD CD 18 00 16  .....ÿÿÿÿ.ÍÍÍ...
00006256  00 00 00 42 00 00 00 02 00 00 00 FF FF FF FF 00  ...B.......ÿÿÿÿ.
00006272  CD CD CD 18 00 16 00 00 00 63 00 00 00 01 00 00  ÍÍÍ......c......
00006288  00 FF FF FF FF 00 CD CD CD 1E 00 06 00 00 00 14  .ÿÿÿÿ.ÍÍÍ.......
00006304  00 1E 00 00 00 15 00 0A 00 00 00 05 00 00 00 17  ................
00006320  00 07 00 00 00 01 16 00 07 00 00 00 00 32 00 CE  .............2.Î
00006336  01 00 00 33 00 0A 00 00 00 1A 00 00 00 34 00 07  ...3.........4..
00006352  00 00 00 00 35 00 12 00 00 00 65 5F 69 5F 61 66  ....5.....e_i_af
00006368  32 2E 62 6D 70 00 36 00 0E 00 00 00 61 66 72 69  2.bmp.6.....afri
00006384  63 61 32 00 37 00 16 00 00 00 14 28 00 00 C7 11  ca2.7......(..Ç.
00006400  00 00 00 00 00 00 00 00 00 00 28 00 21 00 00 00  ..........(.!...
00006416  29 00 0A 00 00 00 A3 17 00 00 2A 00 0A 00 00 00  ).....£...*.....
00006432  04 00 00 00 2B 00 07 00 00 00 00 28 00 21 00 00  ....+......(.!..
00006448  00 29 00 0A 00 00 00 A4 17 00 00 2A 00 0A 00 00  .).....¤...*....
00006464  00 04 00 00 00 2B 00 07 00 00 00 01 28 00 21 00  .....+......(.!.
00006480  00 00 29 00 0A 00 00 00 A5 17 00 00 2A 00 0A 00  ..).....¥...*...
00006496  00 00 04 00 00 00 2B 00 07 00 00 00 01 28 00 21  ......+......(.!
00006512  00 00 00 29 00 0A 00 00 00 A6 17 00 00 2A 00 0A  ...).....¦...*..
00006528  00 00 00 04 00 00 00 2B 00 07 00 00 00 01 28 00  .......+......(.
00006544  21 00 00 00 29 00 0A 00 00 00 AF 17 00 00 2A 00  !...).....¯...*.
00006560  0A 00 00 00 04 00 00 00 2B 00 07 00 00 00 00 05  ........+.......
00006576  00 DC 00 00 00 0A 00 3C 00 00 00 0D 00 07 00 00  .Ü.....<........
00006592  00 01 0B 00 17 00 00 00 42 72 69 65 66 41 66 72  ........BriefAfr
00006608  69 63 61 32 2E 62 69 6B 00 0C 00 18 00 00 00 42  ica2.bik.......B
00006624  72 69 65 66 69 6E 67 20 41 66 72 69 6B 61 20 32  riefing Afrika 2
00006640  00 14 00 76 00 00 00 15 00 0A 00 00 00 04 00 00  ...v............
00006656  00 17 00 07 00 00 00 01 16 00 07 00 00 00 00 18  ................
00006672  00 16 00 00 00 0A 00 00 00 0A 00 00 00 FF FF FF  .............ÿÿÿ
00006688  FF 01 CD CD CD 18 00 16 00 00 00 0F 00 00 00 03  ÿ.ÍÍÍ...........
00006704  00 00 00 FF FF FF FF 01 CD CD CD 18 00 16 00 00  ...ÿÿÿÿ.ÍÍÍ.....
00006720  00 12 00 00 00 01 00 00 00 FF FF FF FF 00 CD CD  .........ÿÿÿÿ.ÍÍ
00006736  CD 18 00 16 00 00 00 12 00 00 00 15 00 00 00 FF  Í..............ÿ
00006752  FF FF FF 01 CD CD CD 1E 00 06 00 00 00 14 00 1E  ÿÿÿ.ÍÍÍ.........
00006768  00 00 00 15 00 0A 00 00 00 05 00 00 00 17 00 07  ................
00006784  00 00 00 01 16 00 07 00 00 00 00 32 00 49 02 00  ...........2.I..
00006800  00 33 00 0A 00 00 00 1B 00 00 00 34 00 07 00 00  .3.........4....
00006816  00 00 35 00 13 00 00 00 65 5F 69 5F 61 66 33 61  ..5.....e_i_af3a
00006832  2E 62 6D 70 00 36 00 0E 00 00 00 41 66 72 69 63  .bmp.6.....Afric
00006848  61 33 00 37 00 16 00 00 00 1E 28 00 00 D1 11 00  a3.7......(..Ñ..
00006864  00 00 00 00 00 00 00 00 00 28 00 21 00 00 00 29  .........(.!...)
00006880  00 0A 00 00 00 AD 17 00 00 2A 00 0A 00 00 00 04  .........*......
00006896  00 00 00 2B 00 07 00 00 00 00 28 00 21 00 00 00  ...+......(.!...
00006912  29 00 0A 00 00 00 AF 17 00 00 2A 00 0A 00 00 00  ).....¯...*.....
00006928  04 00 00 00 2B 00 07 00 00 00 00 28 00 21 00 00  ....+......(.!..
00006944  00 29 00 0A 00 00 00 B0 17 00 00 2A 00 0A 00 00  .).....°...*....
00006960  00 04 00 00 00 2B 00 07 00 00 00 00 28 00 21 00  .....+......(.!.
00006976  00 00 29 00 0A 00 00 00 AE 17 00 00 2A 00 0A 00  ..).....®...*...
00006992  00 00 04 00 00 00 2B 00 07 00 00 00 00 28 00 21  ......+......(.!
00007008  00 00 00 29 00 0A 00 00 00 B1 17 00 00 2A 00 0A  ...).....±...*..
00007024  00 00 00 04 00 00 00 2B 00 07 00 00 00 01 28 00  .......+......(.
00007040  21 00 00 00 29 00 0A 00 00 00 AF 17 00 00 2A 00  !...).....¯...*.
00007056  0A 00 00 00 04 00 00 00 2B 00 07 00 00 00 00 05  ........+.......
00007072  00 35 01 00 00 0A 00 3D 00 00 00 0D 00 07 00 00  .5.....=........
00007088  00 01 0B 00 17 00 00 00 42 72 69 65 66 41 66 72  ........BriefAfr
00007104  69 63 61 33 2E 62 69 6B 00 0C 00 19 00 00 00 42  ica3.bik.......B
00007120  72 69 65 66 69 6E 67 20 41 66 72 69 6B 61 20 33  riefing Afrika 3
00007136  41 00 14 00 CE 00 00 00 15 00 0A 00 00 00 04 00  A...Î...........
00007152  00 00 17 00 07 00 00 00 01 16 00 07 00 00 00 00  ................
00007168  18 00 16 00 00 00 04 00 00 00 01 00 00 00 FF FF  ..............ÿÿ
00007184  FF FF 00 CD CD CD 18 00 16 00 00 00 04 00 00 00  ÿÿ.ÍÍÍ..........
00007200  0C 00 00 00 FF FF FF FF 01 CD CD CD 18 00 16 00  ....ÿÿÿÿ.ÍÍÍ....
00007216  00 00 0A 00 00 00 05 00 00 00 FF FF FF FF 01 CD  ..........ÿÿÿÿ.Í
00007232  CD CD 18 00 16 00 00 00 3C 00 00 00 04 00 00 00  ÍÍ......<.......
00007248  FF FF FF FF 00 CD CD CD 18 00 16 00 00 00 01 00  ÿÿÿÿ.ÍÍÍ........
00007264  00 00 01 00 00 00 FF FF FF FF 00 CD CD CD 18 00  ......ÿÿÿÿ.ÍÍÍ..
00007280  16 00 00 00 01 00 00 00 0B 00 00 00 FF FF FF FF  ............ÿÿÿÿ
00007296  01 CD CD CD 18 00 16 00 00 00 15 00 00 00 01 00  .ÍÍÍ............
00007312  00 00 FF FF FF FF 00 CD CD CD 18 00 16 00 00 00  ..ÿÿÿÿ.ÍÍÍ......
00007328  15 00 00 00 0D 00 00 00 FF FF FF FF 01 CD CD CD  ........ÿÿÿÿ.ÍÍÍ
00007344  1E 00 06 00 00 00 14 00 1E 00 00 00 15 00 0A 00  ................
00007360  00 00 05 00 00 00 17 00 07 00 00 00 01 16 00 07  ................
00007376  00 00 00 00 32 00 F9 01 00 00 33 00 0A 00 00 00  ....2.ù...3.....
00007392  1C 00 00 00 34 00 07 00 00 00 00 35 00 13 00 00  ....4......5....
00007408  00 65 5F 69 5F 61 66 33 62 2E 62 6D 70 00 36 00  .e_i_af3b.bmp.6.
00007424  0E 00 00 00 41 66 72 69 63 61 34 00 37 00 16 00  ....Africa4.7...
00007440  00 00 28 28 00 00 DB 11 00 00 00 00 00 00 00 00  ..((..Û.........
00007456  00 00 28 00 21 00 00 00 29 00 0A 00 00 00 B7 17  ..(.!...).....·.
00007472  00 00 2A 00 0A 00 00 00 04 00 00 00 2B 00 07 00  ..*.........+...
00007488  00 00 00 28 00 21 00 00 00 29 00 0A 00 00 00 B8  ...(.!...).....¸
00007504  17 00 00 2A 00 0A 00 00 00 04 00 00 00 2B 00 07  ...*.........+..
00007520  00 00 00 01 28 00 21 00 00 00 29 00 0A 00 00 00  ....(.!...).....
00007536  B9 17 00 00 2A 00 0A 00 00 00 04 00 00 00 2B 00  ¹...*.........+.
00007552  07 00 00 00 01 28 00 21 00 00 00 29 00 0A 00 00  .....(.!...)....
00007568  00 AF 17 00 00 2A 00 0A 00 00 00 04 00 00 00 2B  .¯...*.........+
00007584  00 07 00 00 00 00 05 00 27 01 00 00 14 00 1E 00  ........'.......
00007600  00 00 15 00 0A 00 00 00 01 00 00 00 17 00 07 00  ................
00007616  00 00 00 16 00 07 00 00 00 00 0A 00 3D 00 00 00  ............=...
00007632  0D 00 07 00 00 00 01 0B 00 17 00 00 00 42 72 69  .............Bri
00007648  65 66 41 66 72 69 63 61 34 2E 62 69 6B 00 0C 00  efAfrica4.bik...
00007664  19 00 00 00 42 72 69 65 66 69 6E 67 20 41 66 72  ....Briefing Afr
00007680  69 6B 61 20 33 42 00 14 00 A2 00 00 00 15 00 0A  ika 3B...¢......
00007696  00 00 00 03 00 00 00 17 00 07 00 00 00 01 16 00  ................
00007712  07 00 00 00 00 18 00 16 00 00 00 0B 00 00 00 02  ................
00007728  00 00 00 FF FF FF FF 00 CD CD CD 18 00 16 00 00  ...ÿÿÿÿ.ÍÍÍ.....
00007744  00 0B 00 00 00 16 00 00 00 FF FF FF FF 01 CD CD  .........ÿÿÿÿ.ÍÍ
00007760  CD 18 00 16 00 00 00 0E 00 00 00 01 00 00 00 FF  Í..............ÿ
00007776  FF FF FF 00 CD CD CD 18 00 16 00 00 00 0E 00 00  ÿÿÿ.ÍÍÍ.........
00007792  00 0C 00 00 00 FF FF FF FF 01 CD CD CD 18 00 16  .....ÿÿÿÿ.ÍÍÍ...
00007808  00 00 00 15 00 00 00 01 00 00 00 FF FF FF FF 00  ...........ÿÿÿÿ.
00007824  CD CD CD 18 00 16 00 00 00 15 00 00 00 08 00 00  ÍÍÍ.............
00007840  00 FF FF FF FF 01 CD CD CD 1E 00 06 00 00 00 14  .ÿÿÿÿ.ÍÍÍ.......
00007856  00 1E 00 00 00 15 00 0A 00 00 00 05 00 00 00 17  ................
00007872  00 07 00 00 00 01 16 00 07 00 00 00 00 32 00 EC  .............2.ì
00007888  02 00 00 33 00 0A 00 00 00 1D 00 00 00 34 00 07  ...3.........4..
00007904  00 00 00 00 35 00 12 00 00 00 65 5F 69 5F 61 66  ....5.....e_i_af
00007920  34 2E 62 6D 70 00 36 00 0E 00 00 00 41 66 72 69  4.bmp.6.....Afri
00007936  63 61 35 00 37 00 16 00 00 00 32 28 00 00 E5 11  ca5.7.....2(..å.
00007952  00 00 00 00 00 00 00 00 00 00 28 00 21 00 00 00  ..........(.!...
00007968  29 00 0A 00 00 00 C1 17 00 00 2A 00 0A 00 00 00  ).....Á...*.....
00007984  04 00 00 00 2B 00 07 00 00 00 00 28 00 21 00 00  ....+......(.!..
00008000  00 29 00 0A 00 00 00 C2 17 00 00 2A 00 0A 00 00  .).....Â...*....
00008016  00 04 00 00 00 2B 00 07 00 00 00 00 28 00 21 00  .....+......(.!.
00008032  00 00 29 00 0A 00 00 00 C3 17 00 00 2A 00 0A 00  ..).....Ã...*...
00008048  00 00 04 00 00 00 2B 00 07 00 00 00 00 28 00 21  ......+......(.!
00008064  00 00 00 29 00 0A 00 00 00 C4 17 00 00 2A 00 0A  ...).....Ä...*..
00008080  00 00 00 04 00 00 00 2B 00 07 00 00 00 00 28 00  .......+......(.
00008096  21 00 00 00 29 00 0A 00 00 00 C5 17 00 00 2A 00  !...).....Å...*.
00008112  0A 00 00 00 04 00 00 00 2B 00 07 00 00 00 00 28  ........+......(
00008128  00 21 00 00 00 29 00 0A 00 00 00 C6 17 00 00 2A  .!...).....Æ...*
00008144  00 0A 00 00 00 04 00 00 00 2B 00 07 00 00 00 01  .........+......
00008160  28 00 21 00 00 00 29 00 0A 00 00 00 C7 17 00 00  (.!...).....Ç...
00008176  2A 00 0A 00 00 00 04 00 00 00 2B 00 07 00 00 00  *.........+.....
00008192  01 28 00 21 00 00 00 29 00 0A 00 00 00 C8 17 00  .(.!...).....È..
00008208  00 2A 00 0A 00 00 00 04 00 00 00 2B 00 07 00 00  .*.........+....
00008224  00 01 28 00 21 00 00 00 29 00 0A 00 00 00 C9 17  ..(.!...).....É.
00008240  00 00 2A 00 0A 00 00 00 04 00 00 00 2B 00 07 00  ..*.........+...
00008256  00 00 01 28 00 21 00 00 00 29 00 0A 00 00 00 CA  ...(.!...).....Ê
00008272  17 00 00 2A 00 0A 00 00 00 04 00 00 00 2B 00 07  ...*.........+..
00008288  00 00 00 01 28 00 21 00 00 00 29 00 0A 00 00 00  ....(.!...).....
00008304  AF 17 00 00 2A 00 0A 00 00 00 04 00 00 00 2B 00  ¯...*.........+.
00008320  07 00 00 00 00 05 00 34 01 00 00 0A 00 3C 00 00  .......4.....<..
00008336  00 0D 00 07 00 00 00 01 0B 00 17 00 00 00 42 72  ..............Br
00008352  69 65 66 41 66 72 69 63 61 35 2E 62 69 6B 00 0C  iefAfrica5.bik..
00008368  00 18 00 00 00 42 72 69 65 66 69 6E 67 20 41 66  .....Briefing Af
00008384  72 69 6B 61 20 34 00 14 00 CE 00 00 00 15 00 0A  rika 4...Î......
00008400  00 00 00 04 00 00 00 17 00 07 00 00 00 01 16 00  ................
00008416  07 00 00 00 00 18 00 16 00 00 00 3D 00 00 00 08  ...........=....
00008432  00 00 00 FF FF FF FF 00 CD CD CD 18 00 16 00 00  ...ÿÿÿÿ.ÍÍÍ.....
00008448  00 12 00 00 00 0C 00 00 00 FF FF FF FF 01 CD CD  .........ÿÿÿÿ.ÍÍ
00008464  CD 18 00 16 00 00 00 0D 00 00 00 05 00 00 00 FF  Í..............ÿ
00008480  FF FF FF 01 CD CD CD 18 00 16 00 00 00 00 00 00  ÿÿÿ.ÍÍÍ.........
00008496  00 01 00 00 00 FF FF FF FF 00 CD CD CD 18 00 16  .....ÿÿÿÿ.ÍÍÍ...
00008512  00 00 00 00 00 00 00 09 00 00 00 FF FF FF FF 01  ...........ÿÿÿÿ.
00008528  CD CD CD 18 00 16 00 00 00 0A 00 00 00 08 00 00  ÍÍÍ.............
00008544  00 FF FF FF FF 01 CD CD CD 18 00 16 00 00 00 4A  .ÿÿÿÿ.ÍÍÍ......J
00008560  00 00 00 02 00 00 00 FF FF FF FF 00 CD CD CD 18  .......ÿÿÿÿ.ÍÍÍ.
00008576  00 16 00 00 00 8C 00 00 00 02 00 00 00 FF FF FF  .....Œ.......ÿÿÿ
00008592  FF 00 CD CD CD 1E 00 06 00 00 00 14 00 1E 00 00  ÿ.ÍÍÍ...........
00008608  00 15 00 0A 00 00 00 05 00 00 00 17 00 07 00 00  ................
00008624  00 01 16 00 07 00 00 00 00 32 00 F5 00 00 00 33  .........2.õ...3
00008640  00 0A 00 00 00 1E 00 00 00 34 00 07 00 00 00 00  .........4......
00008656  35 00 12 00 00 00 65 5F 69 5F 61 66 35 2E 62 6D  5.....e_i_af5.bm
00008672  70 00 36 00 0E 00 00 00 41 66 72 69 63 61 36 00  p.6.....Africa6.
00008688  37 00 16 00 00 00 3C 28 00 00 EF 11 00 00 00 00  7.....<(..ï.....
00008704  00 00 00 00 00 00 28 00 21 00 00 00 29 00 0A 00  ......(.!...)...
00008720  00 00 CB 17 00 00 2A 00 0A 00 00 00 04 00 00 00  ..Ë...*.........
00008736  2B 00 07 00 00 00 00 28 00 21 00 00 00 29 00 0A  +......(.!...)..
00008752  00 00 00 CC 17 00 00 2A 00 0A 00 00 00 04 00 00  ...Ì...*........
00008768  00 2B 00 07 00 00 00 01 05 00 66 00 00 00 0A 00  .+........f.....
00008784  3C 00 00 00 0D 00 07 00 00 00 01 0B 00 17 00 00  <...............
00008800  00 42 72 69 65 66 41 66 72 69 63 61 36 2E 62 69  .BriefAfrica6.bi
00008816  6B 00 0C 00 18 00 00 00 42 72 69 65 66 69 6E 67  k.......Briefing
00008832  20 41 66 72 69 6B 61 20 35 00 1E 00 06 00 00 00   Afrika 5.......
00008848  14 00 1E 00 00 00 15 00 0A 00 00 00 05 00 00 00  ................
00008864  17 00 07 00 00 00 01 16 00 07 00 00 00 00 3C 00  ..............<.
00008880  80 05 00 00 3D 00 0A 00 00 00 CF 00 00 00 3E 00  €...=.....Ï...>.
00008896  07 00 00 00 00 05 00 69 05 00 00 0A 00 36 00 00  .......i.....6..
00008912  00 0D 00 07 00 00 00 00 0B 00 16 00 00 00 49 6E  ..............In
00008928  74 72 6F 4E 6F 72 77 61 79 2E 62 69 6B 00 0C 00  troNorway.bik...
00008944  13 00 00 00 49 6E 74 72 6F 20 4E 6F 72 77 61 79  ....Intro Norway
00008960  00 14 00 1E 00 00 00 15 00 0A 00 00 00 02 00 00  ................
00008976  00 17 00 07 00 00 00 01 16 00 07 00 00 00 00 32  ...............2
00008992  00 0F 05 00 00 33 00 0A 00 00 00 1F 00 00 00 34  .....3.........4
00009008  00 07 00 00 00 00 35 00 12 00 00 00 65 5F 69 5F  ......5.....e_i_
00009024  6E 72 31 2E 62 6D 70 00 36 00 0D 00 00 00 4E 6F  nr1.bmp.6.....No
00009040  72 77 61 79 00 37 00 16 00 00 00 46 28 00 00 F9  rway.7.....F(..ù
00009056  11 00 00 00 00 00 00 00 00 00 00 28 00 21 00 00  ...........(.!..
00009072  00 29 00 0A 00 00 00 D5 17 00 00 2A 00 0A 00 00  .).....Õ...*....
00009088  00 04 00 00 00 2B 00 07 00 00 00 00 28 00 21 00  .....+......(.!.
00009104  00 00 29 00 0A 00 00 00 D6 17 00 00 2A 00 0A 00  ..).....Ö...*...
00009120  00 00 04 00 00 00 2B 00 07 00 00 00 00 28 00 21  ......+......(.!
00009136  00 00 00 29 00 0A 00 00 00 D7 17 00 00 2A 00 0A  ...).....×...*..
00009152  00 00 00 04 00 00 00 2B 00 07 00 00 00 00 28 00  .......+......(.
00009168  21 00 00 00 29 00 0A 00 00 00 D8 17 00 00 2A 00  !...).....Ø...*.
00009184  0A 00 00 00 04 00 00 00 2B 00 07 00 00 00 00 28  ........+......(
00009200  00 21 00 00 00 29 00 0A 00 00 00 D9 17 00 00 2A  .!...).....Ù...*
00009216  00 0A 00 00 00 04 00 00 00 2B 00 07 00 00 00 00  .........+......
00009232  28 00 21 00 00 00 29 00 0A 00 00 00 DA 17 00 00  (.!...).....Ú...
00009248  2A 00 0A 00 00 00 04 00 00 00 2B 00 07 00 00 00  *.........+.....
00009264  01 28 00 21 00 00 00 29 00 0A 00 00 00 DB 17 00  .(.!...).....Û..
00009280  00 2A 00 0A 00 00 00 04 00 00 00 2B 00 07 00 00  .*.........+....
00009296  00 01 28 00 21 00 00 00 29 00 0A 00 00 00 DC 17  ..(.!...).....Ü.
00009312  00 00 2A 00 0A 00 00 00 04 00 00 00 2B 00 07 00  ..*.........+...
00009328  00 00 01 28 00 21 00 00 00 29 00 0A 00 00 00 AF  ...(.!...).....¯
00009344  17 00 00 2A 00 0A 00 00 00 04 00 00 00 2B 00 07  ...*.........+..
00009360  00 00 00 00 05 00 9A 03 00 00 0A 00 3A 00 00 00  ......š.....:...
00009376  0D 00 07 00 00 00 01 0B 00 16 00 00 00 42 72 69  .............Bri
00009392  65 66 4E 6F 72 77 61 79 2E 62 69 6B 00 0C 00 17  efNorway.bik....
00009408  00 00 00 42 72 69 65 66 69 6E 67 20 4E 6F 72 73  ...Briefing Nors
00009424  6B 6F 20 00 14 00 36 03 00 00 15 00 0A 00 00 00  ko ...6.........
00009440  03 00 00 00 17 00 07 00 00 00 01 16 00 07 00 00  ................
00009456  00 01 18 00 16 00 00 00 79 00 00 00 05 00 00 00  ........y.......
00009472  FF FF FF FF 00 CD CD CD 18 00 16 00 00 00 07 00  ÿÿÿÿ.ÍÍÍ........
00009488  00 00 02 00 00 00 FF FF FF FF 00 CD CD CD 18 00  ......ÿÿÿÿ.ÍÍÍ..
00009504  16 00 00 00 07 00 00 00 14 00 00 00 FF FF FF FF  ............ÿÿÿÿ
00009520  01 CD CD CD 18 00 16 00 00 00 16 00 00 00 02 00  .ÍÍÍ............
00009536  00 00 FF FF FF FF 00 CD CD CD 18 00 16 00 00 00  ..ÿÿÿÿ.ÍÍÍ......
00009552  16 00 00 00 0F 00 00 00 FF FF FF FF 01 CD CD CD  ........ÿÿÿÿ.ÍÍÍ
00009568  18 00 16 00 00 00 FB 00 00 00 03 00 00 00 FF FF  ......û.......ÿÿ
00009584  FF FF 00 CD CD CD 18 00 16 00 00 00 E7 00 00 00  ÿÿ.ÍÍÍ......ç...
00009600  04 00 00 00 FF FF FF FF 00 CD CD CD 18 00 16 00  ....ÿÿÿÿ.ÍÍÍ....
00009616  00 00 36 00 00 00 04 00 00 00 FF FF FF FF 00 CD  ..6.......ÿÿÿÿ.Í
00009632  CD CD 18 00 16 00 00 00 01 00 00 00 04 00 00 00  ÍÍ..............
00009648  FF FF FF FF 00 CD CD CD 18 00 16 00 00 00 01 00  ÿÿÿÿ.ÍÍÍ........
00009664  00 00 19 00 00 00 FF FF FF FF 01 CD CD CD 18 00  ......ÿÿÿÿ.ÍÍÍ..
00009680  16 00 00 00 02 00 00 00 02 00 00 00 FF FF FF FF  ............ÿÿÿÿ
00009696  00 CD CD CD 18 00 16 00 00 00 02 00 00 00 12 00  .ÍÍÍ............
00009712  00 00 FF FF FF FF 01 CD CD CD 18 00 16 00 00 00  ..ÿÿÿÿ.ÍÍÍ......
00009728  04 00 00 00 01 00 00 00 FF FF FF FF 00 CD CD CD  ........ÿÿÿÿ.ÍÍÍ
00009744  18 00 16 00 00 00 04 00 00 00 08 00 00 00 FF FF  ..............ÿÿ
00009760  FF FF 01 CD CD CD 18 00 16 00 00 00 06 00 00 00  ÿÿ.ÍÍÍ..........
00009776  02 00 00 00 FF FF FF FF 00 CD CD CD 18 00 16 00  ....ÿÿÿÿ.ÍÍÍ....
00009792  00 00 06 00 00 00 15 00 00 00 FF FF FF FF 01 CD  ..........ÿÿÿÿ.Í
00009808  CD CD 18 00 16 00 00 00 0A 00 00 00 03 00 00 00  ÍÍ..............
00009824  FF FF FF FF 00 CD CD CD 18 00 16 00 00 00 0A 00  ÿÿÿÿ.ÍÍÍ........
00009840  00 00 23 00 00 00 FF FF FF FF 01 CD CD CD 18 00  ..#...ÿÿÿÿ.ÍÍÍ..
00009856  16 00 00 00 0B 00 00 00 04 00 00 00 FF FF FF FF  ............ÿÿÿÿ
00009872  00 CD CD CD 18 00 16 00 00 00 0B 00 00 00 23 00  .ÍÍÍ..........#.
00009888  00 00 FF FF FF FF 01 CD CD CD 18 00 16 00 00 00  ..ÿÿÿÿ.ÍÍÍ......
00009904  0E 00 00 00 02 00 00 00 FF FF FF FF 00 CD CD CD  ........ÿÿÿÿ.ÍÍÍ
00009920  18 00 16 00 00 00 0E 00 00 00 0A 00 00 00 FF FF  ..............ÿÿ
00009936  FF FF 01 CD CD CD 18 00 16 00 00 00 12 00 00 00  ÿÿ.ÍÍÍ..........
00009952  01 00 00 00 FF FF FF FF 00 CD CD CD 18 00 16 00  ....ÿÿÿÿ.ÍÍÍ....
00009968  00 00 12 00 00 00 0C 00 00 00 FF FF FF FF 01 CD  ..........ÿÿÿÿ.Í
00009984  CD CD 18 00 16 00 00 00 14 00 00 00 05 00 00 00  ÍÍ..............
00010000  FF FF FF FF 00 CD CD CD 18 00 16 00 00 00 14 00  ÿÿÿÿ.ÍÍÍ........
00010016  00 00 28 00 00 00 FF FF FF FF 01 CD CD CD 18 00  ..(...ÿÿÿÿ.ÍÍÍ..
00010032  16 00 00 00 15 00 00 00 03 00 00 00 FF FF FF FF  ............ÿÿÿÿ
00010048  00 CD CD CD 18 00 16 00 00 00 15 00 00 00 19 00  .ÍÍÍ............
00010064  00 00 FF FF FF FF 01 CD CD CD 18 00 16 00 00 00  ..ÿÿÿÿ.ÍÍÍ......
00010080  1C 00 00 00 01 00 00 00 FF FF FF FF 00 CD CD CD  ........ÿÿÿÿ.ÍÍÍ
00010096  18 00 16 00 00 00 1C 00 00 00 0A 00 00 00 FF FF  ..............ÿÿ
00010112  FF FF 01 CD CD CD 18 00 16 00 00 00 1D 00 00 00  ÿÿ.ÍÍÍ..........
00010128  01 00 00 00 FF FF FF FF 00 CD CD CD 18 00 16 00  ....ÿÿÿÿ.ÍÍÍ....
00010144  00 00 1D 00 00 00 0C 00 00 00 FF FF FF FF 01 CD  ..........ÿÿÿÿ.Í
00010160  CD CD 18 00 16 00 00 00 39 00 00 00 05 00 00 00  ÍÍ......9.......
00010176  FF FF FF FF 00 CD CD CD 18 00 16 00 00 00 0F 00  ÿÿÿÿ.ÍÍÍ........
00010192  00 00 01 00 00 00 FF FF FF FF 00 CD CD CD 18 00  ......ÿÿÿÿ.ÍÍÍ..
00010208  16 00 00 00 0F 00 00 00 19 00 00 00 FF FF FF FF  ............ÿÿÿÿ
00010224  01 CD CD CD 18 00 16 00 00 00 09 00 00 00 04 00  .ÍÍÍ............
00010240  00 00 FF FF FF FF 00 CD CD CD 1E 00 06 00 00 00  ..ÿÿÿÿ.ÍÍÍ......
00010256  14 00 1E 00 00 00 15 00 0A 00 00 00 05 00 00 00  ................
00010272  17 00 07 00 00 00 01 16 00 07 00 00 00 00 3C 00  ..............<.
00010288  B1 09 00 00 3D 00 0A 00 00 00 CB 00 00 00 3E 00  ±...=.....Ë...>.
00010304  07 00 00 00 00 05 00 9A 09 00 00 0A 00 34 00 00  .......š.....4..
00010320  00 0D 00 07 00 00 00 00 0B 00 15 00 00 00 49 6E  ..............In
00010336  74 72 6F 42 75 72 6D 61 2E 62 69 6B 00 0C 00 12  troBurma.bik....
00010352  00 00 00 49 6E 74 72 6F 20 42 55 52 4D 41 00 14  ...Intro BURMA..
00010368  00 1E 00 00 00 15 00 0A 00 00 00 02 00 00 00 17  ................
00010384  00 07 00 00 00 01 16 00 07 00 00 00 00 32 00 64  .............2.d
00010400  06 00 00 33 00 0A 00 00 00 20 00 00 00 34 00 07  ...3..... ...4..
00010416  00 00 00 00 35 00 12 00 00 00 65 5F 69 5F 62 75  ....5.....e_i_bu
00010432  31 2E 62 6D 70 00 36 00 0D 00 00 00 42 75 72 6D  1.bmp.6.....Burm
00010448  61 31 00 37 00 16 00 00 00 50 28 00 00 03 12 00  a1.7.....P(.....
00010464  00 00 00 00 00 00 00 00 00 28 00 21 00 00 00 29  .........(.!...)
00010480  00 0A 00 00 00 DF 17 00 00 2A 00 0A 00 00 00 04  .....ß...*......
00010496  00 00 00 2B 00 07 00 00 00 00 28 00 21 00 00 00  ...+......(.!...
00010512  29 00 0A 00 00 00 E0 17 00 00 2A 00 0A 00 00 00  ).....à...*.....
00010528  04 00 00 00 2B 00 07 00 00 00 00 28 00 21 00 00  ....+......(.!..
00010544  00 29 00 0A 00 00 00 E1 17 00 00 2A 00 0A 00 00  .).....á...*....
00010560  00 04 00 00 00 2B 00 07 00 00 00 00 28 00 21 00  .....+......(.!.
00010576  00 00 29 00 0A 00 00 00 E2 17 00 00 2A 00 0A 00  ..).....â...*...
00010592  00 00 04 00 00 00 2B 00 07 00 00 00 00 28 00 21  ......+......(.!
00010608  00 00 00 29 00 0A 00 00 00 E3 17 00 00 2A 00 0A  ...).....ã...*..
00010624  00 00 00 04 00 00 00 2B 00 07 00 00 00 00 28 00  .......+......(.
00010640  21 00 00 00 29 00 0A 00 00 00 E4 17 00 00 2A 00  !...).....ä...*.
00010656  0A 00 00 00 04 00 00 00 2B 00 07 00 00 00 01 28  ........+......(
00010672  00 21 00 00 00 29 00 0A 00 00 00 E5 17 00 00 2A  .!...).....å...*
00010688  00 0A 00 00 00 04 00 00 00 2B 00 07 00 00 00 01  .........+......
00010704  28 00 21 00 00 00 29 00 0A 00 00 00 E6 17 00 00  (.!...).....æ...
00010720  2A 00 0A 00 00 00 04 00 00 00 2B 00 07 00 00 00  *.........+.....
00010736  01 28 00 21 00 00 00 29 00 0A 00 00 00 E7 17 00  .(.!...).....ç..
00010752  00 2A 00 0A 00 00 00 04 00 00 00 2B 00 07 00 00  .*.........+....
00010768  00 01 28 00 21 00 00 00 29 00 0A 00 00 00 AF 17  ..(.!...).....¯.
00010784  00 00 2A 00 0A 00 00 00 04 00 00 00 2B 00 07 00  ..*.........+...
00010800  00 00 00 05 00 CE 04 00 00 0A 00 3A 00 00 00 0D  .....Î.....:....
00010816  00 07 00 00 00 01 0B 00 16 00 00 00 42 72 69 65  ............Brie
00010832  66 42 75 72 6D 61 31 2E 62 69 6B 00 0C 00 17 00  fBurma1.bik.....
00010848  00 00 42 72 69 65 66 69 6E 67 20 42 75 72 6D 61  ..Briefing Burma
00010864  20 31 00 14 00 6A 04 00 00 15 00 0A 00 00 00 03   1...j..........
00010880  00 00 00 17 00 07 00 00 00 01 16 00 07 00 00 00  ................
00010896  01 18 00 16 00 00 00 78 00 00 00 0A 00 00 00 FF  .......x.......ÿ
00010912  FF FF FF 00 CD CD CD 18 00 16 00 00 00 68 00 00  ÿÿÿ.ÍÍÍ......h..
00010928  00 0A 00 00 00 FF FF FF FF 00 CD CD CD 18 00 16  .....ÿÿÿÿ.ÍÍÍ...
00010944  00 00 00 65 00 00 00 02 00 00 00 FF FF FF FF 00  ...e.......ÿÿÿÿ.
00010960  CD CD CD 18 00 16 00 00 00 DE 00 00 00 05 00 00  ÍÍÍ......Þ......
00010976  00 FF FF FF FF 00 CD CD CD 18 00 16 00 00 00 36  .ÿÿÿÿ.ÍÍÍ......6
00010992  00 00 00 06 00 00 00 FF FF FF FF 00 CD CD CD 18  .......ÿÿÿÿ.ÍÍÍ.
00011008  00 16 00 00 00 35 00 00 00 01 00 00 00 FF FF FF  .....5.......ÿÿÿ
00011024  FF 00 CD CD CD 18 00 16 00 00 00 44 00 00 00 07  ÿ.ÍÍÍ......D....
00011040  00 00 00 FF FF FF FF 00 CD CD CD 18 00 16 00 00  ...ÿÿÿÿ.ÍÍÍ.....
00011056  00 01 00 00 00 04 00 00 00 FF FF FF FF 00 CD CD  .........ÿÿÿÿ.ÍÍ
00011072  CD 18 00 16 00 00 00 01 00 00 00 14 00 00 00 FF  Í..............ÿ
00011088  FF FF FF 01 CD CD CD 18 00 16 00 00 00 02 00 00  ÿÿÿ.ÍÍÍ.........
00011104  00 02 00 00 00 FF FF FF FF 00 CD CD CD 18 00 16  .....ÿÿÿÿ.ÍÍÍ...
00011120  00 00 00 02 00 00 00 0C 00 00 00 FF FF FF FF 01  ...........ÿÿÿÿ.
00011136  CD CD CD 18 00 16 00 00 00 06 00 00 00 02 00 00  ÍÍÍ.............
00011152  00 FF FF FF FF 00 CD CD CD 18 00 16 00 00 00 06  .ÿÿÿÿ.ÍÍÍ.......
00011168  00 00 00 12 00 00 00 FF FF FF FF 01 CD CD CD 18  .......ÿÿÿÿ.ÍÍÍ.
00011184  00 16 00 00 00 07 00 00 00 02 00 00 00 FF FF FF  .............ÿÿÿ
00011200  FF 00 CD CD CD 18 00 16 00 00 00 07 00 00 00 18  ÿ.ÍÍÍ...........
00011216  00 00 00 FF FF FF FF 01 CD CD CD 18 00 16 00 00  ...ÿÿÿÿ.ÍÍÍ.....
00011232  00 0A 00 00 00 02 00 00 00 FF FF FF FF 00 CD CD  .........ÿÿÿÿ.ÍÍ
00011248  CD 18 00 16 00 00 00 0A 00 00 00 14 00 00 00 FF  Í..............ÿ
00011264  FF FF FF 01 CD CD CD 18 00 16 00 00 00 0B 00 00  ÿÿÿ.ÍÍÍ.........
00011280  00 02 00 00 00 FF FF FF FF 00 CD CD CD 18 00 16  .....ÿÿÿÿ.ÍÍÍ...
00011296  00 00 00 0B 00 00 00 14 00 00 00 FF FF FF FF 01  ...........ÿÿÿÿ.
00011312  CD CD CD 18 00 16 00 00 00 0E 00 00 00 03 00 00  ÍÍÍ.............
00011328  00 FF FF FF FF 00 CD CD CD 18 00 16 00 00 00 0E  .ÿÿÿÿ.ÍÍÍ.......
00011344  00 00 00 19 00 00 00 FF FF FF FF 01 CD CD CD 18  .......ÿÿÿÿ.ÍÍÍ.
00011360  00 16 00 00 00 11 00 00 00 01 00 00 00 FF FF FF  .............ÿÿÿ
00011376  FF 00 CD CD CD 18 00 16 00 00 00 11 00 00 00 0A  ÿ.ÍÍÍ...........
00011392  00 00 00 FF FF FF FF 01 CD CD CD 18 00 16 00 00  ...ÿÿÿÿ.ÍÍÍ.....
00011408  00 12 00 00 00 01 00 00 00 FF FF FF FF 00 CD CD  .........ÿÿÿÿ.ÍÍ
00011424  CD 18 00 16 00 00 00 12 00 00 00 0A 00 00 00 FF  Í..............ÿ
00011440  FF FF FF 01 CD CD CD 18 00 16 00 00 00 14 00 00  ÿÿÿ.ÍÍÍ.........
00011456  00 04 00 00 00 FF FF FF FF 00 CD CD CD 18 00 16  .....ÿÿÿÿ.ÍÍÍ...
00011472  00 00 00 14 00 00 00 21 00 00 00 FF FF FF FF 01  .......!...ÿÿÿÿ.
00011488  CD CD CD 18 00 16 00 00 00 15 00 00 00 04 00 00  ÍÍÍ.............
00011504  00 FF FF FF FF 00 CD CD CD 18 00 16 00 00 00 15  .ÿÿÿÿ.ÍÍÍ.......
00011520  00 00 00 28 00 00 00 FF FF FF FF 01 CD CD CD 18  ...(...ÿÿÿÿ.ÍÍÍ.
00011536  00 16 00 00 00 16 00 00 00 01 00 00 00 FF FF FF  .............ÿÿÿ
00011552  FF 00 CD CD CD 18 00 16 00 00 00 16 00 00 00 0A  ÿ.ÍÍÍ...........
00011568  00 00 00 FF FF FF FF 01 CD CD CD 18 00 16 00 00  ...ÿÿÿÿ.ÍÍÍ.....
00011584  00 1C 00 00 00 01 00 00 00 FF FF FF FF 00 CD CD  .........ÿÿÿÿ.ÍÍ
00011600  CD 18 00 16 00 00 00 1C 00 00 00 0C 00 00 00 FF  Í..............ÿ
00011616  FF FF FF 01 CD CD CD 18 00 16 00 00 00 1D 00 00  ÿÿÿ.ÍÍÍ.........
00011632  00 01 00 00 00 FF FF FF FF 00 CD CD CD 18 00 16  .....ÿÿÿÿ.ÍÍÍ...
00011648  00 00 00 1D 00 00 00 0C 00 00 00 FF FF FF FF 01  ...........ÿÿÿÿ.
00011664  CD CD CD 18 00 16 00 00 00 39 00 00 00 08 00 00  ÍÍÍ......9......
00011680  00 FF FF FF FF 00 CD CD CD 18 00 16 00 00 00 3C  .ÿÿÿÿ.ÍÍÍ......<
00011696  00 00 00 14 00 00 00 FF FF FF FF 00 CD CD CD 18  .......ÿÿÿÿ.ÍÍÍ.
00011712  00 16 00 00 00 3E 00 00 00 19 00 00 00 FF FF FF  .....>.......ÿÿÿ
00011728  FF 00 CD CD CD 18 00 16 00 00 00 4F 00 00 00 04  ÿ.ÍÍÍ......O....
00011744  00 00 00 FF FF FF FF 00 CD CD CD 18 00 16 00 00  ...ÿÿÿÿ.ÍÍÍ.....
00011760  00 50 00 00 00 04 00 00 00 FF FF FF FF 00 CD CD  .P.......ÿÿÿÿ.ÍÍ
00011776  CD 18 00 16 00 00 00 66 00 00 00 08 00 00 00 FF  Í......f.......ÿ
00011792  FF FF FF 00 CD CD CD 18 00 16 00 00 00 67 00 00  ÿÿÿ.ÍÍÍ......g..
00011808  00 06 00 00 00 FF FF FF FF 00 CD CD CD 18 00 16  .....ÿÿÿÿ.ÍÍÍ...
00011824  00 00 00 73 00 00 00 04 00 00 00 FF FF FF FF 00  ...s.......ÿÿÿÿ.
00011840  CD CD CD 18 00 16 00 00 00 76 00 00 00 04 00 00  ÍÍÍ......v......
00011856  00 FF FF FF FF 00 CD CD CD 18 00 16 00 00 00 7B  .ÿÿÿÿ.ÍÍÍ......{
00011872  00 00 00 04 00 00 00 FF FF FF FF 00 CD CD CD 18  .......ÿÿÿÿ.ÍÍÍ.
00011888  00 16 00 00 00 43 00 00 00 05 00 00 00 FF FF FF  .....C.......ÿÿÿ
00011904  FF 00 CD CD CD 18 00 16 00 00 00 0F 00 00 00 01  ÿ.ÍÍÍ...........
00011920  00 00 00 FF FF FF FF 00 CD CD CD 18 00 16 00 00  ...ÿÿÿÿ.ÍÍÍ.....
00011936  00 0F 00 00 00 08 00 00 00 FF FF FF FF 01 CD CD  .........ÿÿÿÿ.ÍÍ
00011952  CD 18 00 16 00 00 00 07 00 00 00 15 00 00 00 FF  Í..............ÿ
00011968  FF FF FF 01 CD CD CD 18 00 16 00 00 00 09 00 00  ÿÿÿ.ÍÍÍ.........
00011984  00 04 00 00 00 FF FF FF FF 00 CD CD CD 1E 00 06  .....ÿÿÿÿ.ÍÍÍ...
00012000  00 00 00 14 00 1E 00 00 00 15 00 0A 00 00 00 05  ................
00012016  00 00 00 17 00 07 00 00 00 01 16 00 07 00 00 00  ................
00012032  00 32 00 DE 02 00 00 33 00 0A 00 00 00 21 00 00  .2.Þ...3.....!..
00012048  00 34 00 07 00 00 00 00 35 00 12 00 00 00 65 5F  .4......5.....e_
00012064  69 5F 62 75 32 2E 62 6D 70 00 36 00 0D 00 00 00  i_bu2.bmp.6.....
00012080  42 75 72 6D 61 32 00 37 00 16 00 00 00 5A 28 00  Burma2.7.....Z(.
00012096  00 0D 12 00 00 00 00 00 00 00 00 00 00 28 00 21  .............(.!
00012112  00 00 00 29 00 0A 00 00 00 E9 17 00 00 2A 00 0A  ...).....é...*..
00012128  00 00 00 04 00 00 00 2B 00 07 00 00 00 00 28 00  .......+......(.
00012144  21 00 00 00 29 00 0A 00 00 00 EA 17 00 00 2A 00  !...).....ê...*.
00012160  0A 00 00 00 04 00 00 00 2B 00 07 00 00 00 00 28  ........+......(
00012176  00 21 00 00 00 29 00 0A 00 00 00 EB 17 00 00 2A  .!...).....ë...*
00012192  00 0A 00 00 00 04 00 00 00 2B 00 07 00 00 00 01  .........+......
00012208  28 00 21 00 00 00 29 00 0A 00 00 00 AF 17 00 00  (.!...).....¯...
00012224  2A 00 0A 00 00 00 04 00 00 00 2B 00 07 00 00 00  *.........+.....
00012240  00 05 00 0E 02 00 00 0A 00 3A 00 00 00 0D 00 07  .........:......
00012256  00 00 00 01 0B 00 16 00 00 00 42 72 69 65 66 42  ..........BriefB
00012272  75 72 6D 61 32 2E 62 69 6B 00 0C 00 17 00 00 00  urma2.bik.......
00012288  42 72 69 65 66 69 6E 67 20 42 75 72 6D 61 20 32  Briefing Burma 2
00012304  00 14 00 AA 01 00 00 15 00 0A 00 00 00 03 00 00  ...ª............
00012320  00 17 00 07 00 00 00 01 16 00 07 00 00 00 00 18  ................
00012336  00 16 00 00 00 03 00 00 00 02 00 00 00 FF FF FF  .............ÿÿÿ
00012352  FF 00 CD CD CD 18 00 16 00 00 00 03 00 00 00 19  ÿ.ÍÍÍ...........
00012368  00 00 00 FF FF FF FF 01 CD CD CD 18 00 16 00 00  ...ÿÿÿÿ.ÍÍÍ.....
00012384  00 0C 00 00 00 01 00 00 00 FF FF FF FF 00 CD CD  .........ÿÿÿÿ.ÍÍ
00012400  CD 18 00 16 00 00 00 0C 00 00 00 07 00 00 00 FF  Í..............ÿ
00012416  FF FF FF 01 CD CD CD 18 00 16 00 00 00 10 00 00  ÿÿÿ.ÍÍÍ.........
00012432  00 01 00 00 00 FF FF FF FF 00 CD CD CD 18 00 16  .....ÿÿÿÿ.ÍÍÍ...
00012448  00 00 00 10 00 00 00 08 00 00 00 FF FF FF FF 01  ...........ÿÿÿÿ.
00012464  CD CD CD 18 00 16 00 00 00 1C 00 00 00 01 00 00  ÍÍÍ.............
00012480  00 FF FF FF FF 00 CD CD CD 18 00 16 00 00 00 1C  .ÿÿÿÿ.ÍÍÍ.......
00012496  00 00 00 0E 00 00 00 FF FF FF FF 01 CD CD CD 18  .......ÿÿÿÿ.ÍÍÍ.
00012512  00 16 00 00 00 15 00 00 00 02 00 00 00 FF FF FF  .............ÿÿÿ
00012528  FF 00 CD CD CD 18 00 16 00 00 00 15 00 00 00 24  ÿ.ÍÍÍ..........$
00012544  00 00 00 FF FF FF FF 01 CD CD CD 18 00 16 00 00  ...ÿÿÿÿ.ÍÍÍ.....
00012560  00 36 00 00 00 02 00 00 00 FF FF FF FF 00 CD CD  .6.......ÿÿÿÿ.ÍÍ
00012576  CD 18 00 16 00 00 00 39 00 00 00 01 00 00 00 FF  Í......9.......ÿ
00012592  FF FF FF 00 CD CD CD 18 00 16 00 00 00 3C 00 00  ÿÿÿ.ÍÍÍ......<..
00012608  00 03 00 00 00 FF FF FF FF 00 CD CD CD 18 00 16  .....ÿÿÿÿ.ÍÍÍ...
00012624  00 00 00 3F 00 00 00 07 00 00 00 FF FF FF FF 00  ...?.......ÿÿÿÿ.
00012640  CD CD CD 18 00 16 00 00 00 02 00 00 00 02 00 00  ÍÍÍ.............
00012656  00 FF FF FF FF 00 CD CD CD 18 00 16 00 00 00 02  .ÿÿÿÿ.ÍÍÍ.......
00012672  00 00 00 12 00 00 00 FF FF FF FF 01 CD CD CD 18  .......ÿÿÿÿ.ÍÍÍ.
00012688  00 16 00 00 00 0A 00 00 00 01 00 00 00 FF FF FF  .............ÿÿÿ
00012704  FF 00 CD CD CD 18 00 16 00 00 00 0A 00 00 00 12  ÿ.ÍÍÍ...........
00012720  00 00 00 FF FF FF FF 01 CD CD CD 1E 00 06 00 00  ...ÿÿÿÿ.ÍÍÍ.....
00012736  00 14 00 1E 00 00 00 15 00 0A 00 00 00 05 00 00  ................
00012752  00 17 00 07 00 00 00 01 16 00 07 00 00 00 00 3C  ...............<
00012768  00 0F 09 00 00 3D 00 0A 00 00 00 CD 00 00 00 3E  .....=.....Í...>
00012784  00 07 00 00 00 00 05 00 F8 08 00 00 0A 00 32 00  ........ø.....2.
00012800  00 00 0D 00 07 00 00 00 00 0B 00 14 00 00 00 49  ...............I
00012816  6E 74 72 6F 41 6C 70 73 2E 62 69 6B 00 0C 00 11  ntroAlps.bik....
00012832  00 00 00 49 6E 74 72 6F 20 41 6C 70 73 00 14 00  ...Intro Alps...
00012848  1E 00 00 00 15 00 0A 00 00 00 02 00 00 00 17 00  ................
00012864  07 00 00 00 01 16 00 07 00 00 00 00 32 00 1F 06  ............2...
00012880  00 00 33 00 0A 00 00 00 23 00 00 00 34 00 07 00  ..3.....#...4...
00012896  00 00 00 35 00 12 00 00 00 65 5F 69 5F 61 6C 31  ...5.....e_i_al1
00012912  2E 62 6D 70 00 36 00 0C 00 00 00 41 6C 70 73 31  .bmp.6.....Alps1
00012928  00 37 00 16 00 00 00 64 28 00 00 17 12 00 00 00  .7.....d(.......
00012944  00 00 00 00 00 00 00 28 00 21 00 00 00 29 00 0A  .......(.!...)..
00012960  00 00 00 F3 17 00 00 2A 00 0A 00 00 00 04 00 00  ...ó...*........
00012976  00 2B 00 07 00 00 00 00 28 00 21 00 00 00 29 00  .+......(.!...).
00012992  0A 00 00 00 F4 17 00 00 2A 00 0A 00 00 00 04 00  ....ô...*.......
00013008  00 00 2B 00 07 00 00 00 00 28 00 21 00 00 00 29  ..+......(.!...)
00013024  00 0A 00 00 00 F5 17 00 00 2A 00 0A 00 00 00 04  .....õ...*......
00013040  00 00 00 2B 00 07 00 00 00 00 28 00 21 00 00 00  ...+......(.!...
00013056  29 00 0A 00 00 00 F6 17 00 00 2A 00 0A 00 00 00  ).....ö...*.....
00013072  04 00 00 00 2B 00 07 00 00 00 01 28 00 21 00 00  ....+......(.!..
00013088  00 29 00 0A 00 00 00 F7 17 00 00 2A 00 0A 00 00  .).....÷...*....
00013104  00 04 00 00 00 2B 00 07 00 00 00 01 28 00 21 00  .....+......(.!.
00013120  00 00 29 00 0A 00 00 00 F8 17 00 00 2A 00 0A 00  ..).....ø...*...
00013136  00 00 04 00 00 00 2B 00 07 00 00 00 01 28 00 21  ......+......(.!
00013152  00 00 00 29 00 0A 00 00 00 AF 17 00 00 2A 00 0A  ...).....¯...*..
00013168  00 00 00 04 00 00 00 2B 00 07 00 00 00 00 28 00  .......+......(.
00013184  21 00 00 00 29 00 0A 00 00 00 F9 17 00 00 2A 00  !...).....ù...*.
00013200  0A 00 00 00 04 00 00 00 2B 00 07 00 00 00 01 05  ........+.......
00013216  00 CC 04 00 00 0A 00 38 00 00 00 0D 00 07 00 00  .Ì.....8........
00013232  00 01 0B 00 15 00 00 00 42 72 69 65 66 41 6C 70  ........BriefAlp
00013248  73 31 2E 62 69 6B 00 0C 00 16 00 00 00 20 42 72  s1.bik....... Br
00013264  69 65 66 69 6E 67 20 41 6C 70 79 31 00 14 00 6A  iefing Alpy1...j
00013280  04 00 00 15 00 0A 00 00 00 03 00 00 00 17 00 07  ................
00013296  00 00 00 01 16 00 07 00 00 00 01 18 00 16 00 00  ................
00013312  00 36 00 00 00 04 00 00 00 FF FF FF FF 00 CD CD  .6.......ÿÿÿÿ.ÍÍ
00013328  CD 18 00 16 00 00 00 35 00 00 00 01 00 00 00 FF  Í......5.......ÿ
00013344  FF FF FF 00 CD CD CD 18 00 16 00 00 00 7B 00 00  ÿÿÿ.ÍÍÍ......{..
00013360  00 08 00 00 00 FF FF FF FF 00 CD CD CD 18 00 16  .....ÿÿÿÿ.ÍÍÍ...
00013376  00 00 00 76 00 00 00 08 00 00 00 FF FF FF FF 00  ...v.......ÿÿÿÿ.
00013392  CD CD CD 18 00 16 00 00 00 01 00 00 00 04 00 00  ÍÍÍ.............
00013408  00 FF FF FF FF 00 CD CD CD 18 00 16 00 00 00 01  .ÿÿÿÿ.ÍÍÍ.......
00013424  00 00 00 19 00 00 00 FF FF FF FF 01 CD CD CD 18  .......ÿÿÿÿ.ÍÍÍ.
00013440  00 16 00 00 00 02 00 00 00 02 00 00 00 FF FF FF  .............ÿÿÿ
00013456  FF 00 CD CD CD 18 00 16 00 00 00 02 00 00 00 10  ÿ.ÍÍÍ...........
00013472  00 00 00 FF FF FF FF 01 CD CD CD 18 00 16 00 00  ...ÿÿÿÿ.ÍÍÍ.....
00013488  00 04 00 00 00 01 00 00 00 FF FF FF FF 00 CD CD  .........ÿÿÿÿ.ÍÍ
00013504  CD 18 00 16 00 00 00 04 00 00 00 08 00 00 00 FF  Í..............ÿ
00013520  FF FF FF 01 CD CD CD 18 00 16 00 00 00 06 00 00  ÿÿÿ.ÍÍÍ.........
00013536  00 02 00 00 00 FF FF FF FF 00 CD CD CD 18 00 16  .....ÿÿÿÿ.ÍÍÍ...
00013552  00 00 00 06 00 00 00 0F 00 00 00 FF FF FF FF 01  ...........ÿÿÿÿ.
00013568  CD CD CD 18 00 16 00 00 00 07 00 00 00 02 00 00  ÍÍÍ.............
00013584  00 FF FF FF FF 00 CD CD CD 18 00 16 00 00 00 07  .ÿÿÿÿ.ÍÍÍ.......
00013600  00 00 00 16 00 00 00 FF FF FF FF 01 CD CD CD 18  .......ÿÿÿÿ.ÍÍÍ.
00013616  00 16 00 00 00 0A 00 00 00 01 00 00 00 FF FF FF  .............ÿÿÿ
00013632  FF 00 CD CD CD 18 00 16 00 00 00 0A 00 00 00 09  ÿ.ÍÍÍ...........
00013648  00 00 00 FF FF FF FF 01 CD CD CD 18 00 16 00 00  ...ÿÿÿÿ.ÍÍÍ.....
00013664  00 0B 00 00 00 01 00 00 00 FF FF FF FF 00 CD CD  .........ÿÿÿÿ.ÍÍ
00013680  CD 18 00 16 00 00 00 0B 00 00 00 0A 00 00 00 FF  Í..............ÿ
00013696  FF FF FF 01 CD CD CD 18 00 16 00 00 00 0E 00 00  ÿÿÿ.ÍÍÍ.........
00013712  00 02 00 00 00 FF FF FF FF 00 CD CD CD 18 00 16  .....ÿÿÿÿ.ÍÍÍ...
00013728  00 00 00 0E 00 00 00 12 00 00 00 FF FF FF FF 01  ...........ÿÿÿÿ.
00013744  CD CD CD 18 00 16 00 00 00 0F 00 00 00 01 00 00  ÍÍÍ.............
00013760  00 FF FF FF FF 00 CD CD CD 18 00 16 00 00 00 0F  .ÿÿÿÿ.ÍÍÍ.......
00013776  00 00 00 08 00 00 00 FF FF FF FF 01 CD CD CD 18  .......ÿÿÿÿ.ÍÍÍ.
00013792  00 16 00 00 00 11 00 00 00 01 00 00 00 FF FF FF  .............ÿÿÿ
00013808  FF 00 CD CD CD 18 00 16 00 00 00 11 00 00 00 0C  ÿ.ÍÍÍ...........
00013824  00 00 00 FF FF FF FF 01 CD CD CD 18 00 16 00 00  ...ÿÿÿÿ.ÍÍÍ.....
00013840  00 14 00 00 00 02 00 00 00 FF FF FF FF 00 CD CD  .........ÿÿÿÿ.ÍÍ
00013856  CD 18 00 16 00 00 00 14 00 00 00 11 00 00 00 FF  Í..............ÿ
00013872  FF FF FF 01 CD CD CD 18 00 16 00 00 00 15 00 00  ÿÿÿ.ÍÍÍ.........
00013888  00 04 00 00 00 FF FF FF FF 00 CD CD CD 18 00 16  .....ÿÿÿÿ.ÍÍÍ...
00013904  00 00 00 15 00 00 00 28 00 00 00 FF FF FF FF 01  .......(...ÿÿÿÿ.
00013920  CD CD CD 18 00 16 00 00 00 1C 00 00 00 01 00 00  ÍÍÍ.............
00013936  00 FF FF FF FF 00 CD CD CD 18 00 16 00 00 00 1C  .ÿÿÿÿ.ÍÍÍ.......
00013952  00 00 00 0C 00 00 00 FF FF FF FF 01 CD CD CD 18  .......ÿÿÿÿ.ÍÍÍ.
00013968  00 16 00 00 00 1D 00 00 00 01 00 00 00 FF FF FF  .............ÿÿÿ
00013984  FF 00 CD CD CD 18 00 16 00 00 00 1D 00 00 00 08  ÿ.ÍÍÍ...........
00014000  00 00 00 FF FF FF FF 01 CD CD CD 18 00 16 00 00  ...ÿÿÿÿ.ÍÍÍ.....
00014016  00 27 00 00 00 01 00 00 00 FF FF FF FF 00 CD CD  .'.......ÿÿÿÿ.ÍÍ
00014032  CD 18 00 16 00 00 00 27 00 00 00 02 00 00 00 FF  Í......'.......ÿ
00014048  FF FF FF 01 CD CD CD 18 00 16 00 00 00 3C 00 00  ÿÿÿ.ÍÍÍ......<..
00014064  00 12 00 00 00 FF FF FF FF 00 CD CD CD 18 00 16  .....ÿÿÿÿ.ÍÍÍ...
00014080  00 00 00 3E 00 00 00 18 00 00 00 FF FF FF FF 00  ...>.......ÿÿÿÿ.
00014096  CD CD CD 18 00 16 00 00 00 46 00 00 00 02 00 00  ÍÍÍ......F......
00014112  00 FF FF FF FF 00 CD CD CD 18 00 16 00 00 00 47  .ÿÿÿÿ.ÍÍÍ......G
00014128  00 00 00 01 00 00 00 FF FF FF FF 00 CD CD CD 18  .......ÿÿÿÿ.ÍÍÍ.
00014144  00 16 00 00 00 4F 00 00 00 04 00 00 00 FF FF FF  .....O.......ÿÿÿ
00014160  FF 00 CD CD CD 18 00 16 00 00 00 50 00 00 00 04  ÿ.ÍÍÍ......P....
00014176  00 00 00 FF FF FF FF 00 CD CD CD 18 00 16 00 00  ...ÿÿÿÿ.ÍÍÍ.....
00014192  00 66 00 00 00 08 00 00 00 FF FF FF FF 00 CD CD  .f.......ÿÿÿÿ.ÍÍ
00014208  CD 18 00 16 00 00 00 67 00 00 00 04 00 00 00 FF  Í......g.......ÿ
00014224  FF FF FF 00 CD CD CD 18 00 16 00 00 00 65 00 00  ÿÿÿ.ÍÍÍ......e..
00014240  00 04 00 00 00 FF FF FF FF 00 CD CD CD 18 00 16  .....ÿÿÿÿ.ÍÍÍ...
00014256  00 00 00 DE 00 00 00 04 00 00 00 FF FF FF FF 00  ...Þ.......ÿÿÿÿ.
00014272  CD CD CD 18 00 16 00 00 00 39 00 00 00 08 00 00  ÍÍÍ......9......
00014288  00 FF FF FF FF 00 CD CD CD 18 00 16 00 00 00 16  .ÿÿÿÿ.ÍÍÍ.......
00014304  00 00 00 02 00 00 00 FF FF FF FF 00 CD CD CD 18  .......ÿÿÿÿ.ÍÍÍ.
00014320  00 16 00 00 00 16 00 00 00 14 00 00 00 FF FF FF  .............ÿÿÿ
00014336  FF 01 CD CD CD 18 00 16 00 00 00 09 00 00 00 04  ÿ.ÍÍÍ...........
00014352  00 00 00 FF FF FF FF 00 CD CD CD 18 00 16 00 00  ...ÿÿÿÿ.ÍÍÍ.....
00014368  00 13 00 00 00 01 00 00 00 FF FF FF FF 00 CD CD  .........ÿÿÿÿ.ÍÍ
00014384  CD 18 00 16 00 00 00 13 00 00 00 11 00 00 00 FF  Í..............ÿ
00014400  FF FF FF 01 CD CD CD 1E 00 06 00 00 00 14 00 1E  ÿÿÿ.ÍÍÍ.........
00014416  00 00 00 15 00 0A 00 00 00 05 00 00 00 17 00 07  ................
00014432  00 00 00 01 16 00 07 00 00 00 00 32 00 83 02 00  ...........2.ƒ..
00014448  00 33 00 0A 00 00 00 24 00 00 00 34 00 07 00 00  .3.....$...4....
00014464  00 00 35 00 12 00 00 00 65 5F 69 5F 61 6C 32 2E  ..5.....e_i_al2.
00014480  62 6D 70 00 36 00 0C 00 00 00 41 6C 70 73 32 00  bmp.6.....Alps2.
00014496  37 00 16 00 00 00 6E 28 00 00 21 12 00 00 00 00  7.....n(..!.....
00014512  00 00 00 00 00 00 28 00 21 00 00 00 29 00 0A 00  ......(.!...)...
00014528  00 00 FD 17 00 00 2A 00 0A 00 00 00 04 00 00 00  ..ý...*.........
00014544  2B 00 07 00 00 00 00 28 00 21 00 00 00 29 00 0A  +......(.!...)..
00014560  00 00 00 FE 17 00 00 2A 00 0A 00 00 00 04 00 00  ...þ...*........
00014576  00 2B 00 07 00 00 00 00 28 00 21 00 00 00 29 00  .+......(.!...).
00014592  0A 00 00 00 FF 17 00 00 2A 00 0A 00 00 00 04 00  ....ÿ...*.......
00014608  00 00 2B 00 07 00 00 00 00 28 00 21 00 00 00 29  ..+......(.!...)
00014624  00 0A 00 00 00 00 18 00 00 2A 00 0A 00 00 00 04  .........*......
00014640  00 00 00 2B 00 07 00 00 00 00 28 00 21 00 00 00  ...+......(.!...
00014656  29 00 0A 00 00 00 01 18 00 00 2A 00 0A 00 00 00  ).........*.....
00014672  04 00 00 00 2B 00 07 00 00 00 00 28 00 21 00 00  ....+......(.!..
00014688  00 29 00 0A 00 00 00 02 18 00 00 2A 00 0A 00 00  .).........*....
00014704  00 04 00 00 00 2B 00 07 00 00 00 01 28 00 21 00  .....+......(.!.
00014720  00 00 29 00 0A 00 00 00 03 18 00 00 2A 00 0A 00  ..).........*...
00014736  00 00 04 00 00 00 2B 00 07 00 00 00 00 28 00 21  ......+......(.!
00014752  00 00 00 29 00 0A 00 00 00 AF 17 00 00 2A 00 0A  ...).....¯...*..
00014768  00 00 00 04 00 00 00 2B 00 07 00 00 00 00 05 00  .......+........
00014784  30 01 00 00 0A 00 38 00 00 00 0D 00 07 00 00 00  0.....8.........
00014800  01 0B 00 15 00 00 00 42 72 69 65 66 41 6C 70 73  .......BriefAlps
00014816  32 2E 62 69 6B 00 0C 00 16 00 00 00 42 72 69 65  2.bik.......Brie
00014832  66 69 6E 67 20 41 6C 70 79 20 32 00 14 00 CE 00  fing Alpy 2...Î.
00014848  00 00 15 00 0A 00 00 00 04 00 00 00 17 00 07 00  ................
00014864  00 00 01 16 00 07 00 00 00 00 18 00 16 00 00 00  ................
00014880  81 00 00 00 01 00 00 00 FF FF FF FF 00 CD CD CD  ........ÿÿÿÿ.ÍÍÍ
00014896  18 00 16 00 00 00 12 00 00 00 01 00 00 00 FF FF  ..............ÿÿ
00014912  FF FF 00 CD CD CD 18 00 16 00 00 00 12 00 00 00  ÿÿ.ÍÍÍ..........
00014928  0F 00 00 00 FF FF FF FF 01 CD CD CD 18 00 16 00  ....ÿÿÿÿ.ÍÍÍ....
00014944  00 00 04 00 00 00 0B 00 00 00 FF FF FF FF 01 CD  ..........ÿÿÿÿ.Í
00014960  CD CD 18 00 16 00 00 00 00 00 00 00 01 00 00 00  ÍÍ..............
00014976  FF FF FF FF 00 CD CD CD 18 00 16 00 00 00 00 00  ÿÿÿÿ.ÍÍÍ........
00014992  00 00 0E 00 00 00 FF FF FF FF 01 CD CD CD 18 00  ......ÿÿÿÿ.ÍÍÍ..
00015008  16 00 00 00 58 00 00 00 01 00 00 00 FF FF FF FF  ....X.......ÿÿÿÿ
00015024  00 CD CD CD 18 00 16 00 00 00 38 00 00 00 01 00  .ÍÍÍ......8.....
00015040  00 00 FF FF FF FF 00 CD CD CD 1E 00 06 00 00 00  ..ÿÿÿÿ.ÍÍÍ......
00015056  14 00 1E 00 00 00 15 00 0A 00 00 00 05 00 00 00  ................
00015072  17 00 07 00 00 00 01 16 00 07 00 00 00 00 3C 00  ..............<.
00015088  DE 0B 00 00 3D 00 0A 00 00 00 CE 00 00 00 3E 00  Þ...=.....Î...>.
00015104  07 00 00 00 00 05 00 C7 0B 00 00 0A 00 3A 00 00  .......Ç.....:..
00015120  00 0D 00 07 00 00 00 00 0B 00 18 00 00 00 49 6E  ..............In
00015136  74 72 6F 4E 6F 72 6D 61 6E 64 79 2E 62 69 6B 00  troNormandy.bik.
00015152  0C 00 15 00 00 00 49 6E 74 72 6F 20 4E 6F 72 6D  ......Intro Norm
00015168  61 6E 64 79 00 14 00 1E 00 00 00 15 00 0A 00 00  andy............
00015184  00 02 00 00 00 17 00 07 00 00 00 01 16 00 07 00  ................
00015200  00 00 00 32 00 37 05 00 00 33 00 0A 00 00 00 22  ...2.7...3....."
00015216  00 00 00 34 00 07 00 00 00 00 35 00 12 00 00 00  ...4......5.....
00015232  65 5F 69 5F 6E 6F 31 2E 62 6D 70 00 36 00 0F 00  e_i_no1.bmp.6...
00015248  00 00 4E 6F 72 6D 61 6E 64 79 00 37 00 16 00 00  ..Normandy.7....
00015264  00 78 28 00 00 35 12 00 00 00 00 00 00 00 00 00  .x(..5..........
00015280  00 28 00 21 00 00 00 29 00 0A 00 00 00 11 18 00  .(.!...)........
00015296  00 2A 00 0A 00 00 00 04 00 00 00 2B 00 07 00 00  .*.........+....
00015312  00 00 28 00 21 00 00 00 29 00 0A 00 00 00 12 18  ..(.!...).......
00015328  00 00 2A 00 0A 00 00 00 04 00 00 00 2B 00 07 00  ..*.........+...
00015344  00 00 00 28 00 21 00 00 00 29 00 0A 00 00 00 13  ...(.!...)......
00015360  18 00 00 2A 00 0A 00 00 00 04 00 00 00 2B 00 07  ...*.........+..
00015376  00 00 00 00 28 00 21 00 00 00 29 00 0A 00 00 00  ....(.!...).....
00015392  14 18 00 00 2A 00 0A 00 00 00 04 00 00 00 2B 00  ....*.........+.
00015408  07 00 00 00 00 28 00 21 00 00 00 29 00 0A 00 00  .....(.!...)....
00015424  00 15 18 00 00 2A 00 0A 00 00 00 04 00 00 00 2B  .....*.........+
00015440  00 07 00 00 00 01 28 00 21 00 00 00 29 00 0A 00  ......(.!...)...
00015456  00 00 16 18 00 00 2A 00 0A 00 00 00 04 00 00 00  ......*.........
00015472  2B 00 07 00 00 00 00 28 00 21 00 00 00 29 00 0A  +......(.!...)..
00015488  00 00 00 17 18 00 00 2A 00 0A 00 00 00 04 00 00  .......*........
00015504  00 2B 00 07 00 00 00 01 28 00 21 00 00 00 29 00  .+......(.!...).
00015520  0A 00 00 00 AF 17 00 00 2A 00 0A 00 00 00 04 00  ....¯...*.......
00015536  00 00 2B 00 07 00 00 00 00 05 00 E1 03 00 00 0A  ..+........á....
00015552  00 3F 00 00 00 0D 00 07 00 00 00 01 0B 00 19 00  .?..............
00015568  00 00 42 72 69 65 66 4E 6F 72 6D 61 6E 64 79 31  ..BriefNormandy1
00015584  2E 62 69 6B 00 0C 00 19 00 00 00 42 72 69 65 66  .bik.......Brief
00015600  69 6E 67 20 4E 6F 72 6D 61 6E 64 79 31 00 14 00  ing Normandy1...
00015616  78 03 00 00 15 00 0A 00 00 00 03 00 00 00 17 00  x...............
00015632  07 00 00 00 00 16 00 07 00 00 00 01 18 00 16 00  ................
00015648  00 00 79 00 00 00 05 00 00 00 FF FF FF FF 00 CD  ..y.......ÿÿÿÿ.Í
00015664  CD CD 18 00 16 00 00 00 E7 00 00 00 04 00 00 00  ÍÍ......ç.......
00015680  FF FF FF FF 00 CD CD CD 18 00 16 00 00 00 36 00  ÿÿÿÿ.ÍÍÍ......6.
00015696  00 00 06 00 00 00 FF FF FF FF 00 CD CD CD 18 00  ......ÿÿÿÿ.ÍÍÍ..
00015712  16 00 00 00 35 00 00 00 01 00 00 00 FF FF FF FF  ....5.......ÿÿÿÿ
00015728  00 CD CD CD 18 00 16 00 00 00 01 00 00 00 04 00  .ÍÍÍ............
00015744  00 00 FF FF FF FF 00 CD CD CD 18 00 16 00 00 00  ..ÿÿÿÿ.ÍÍÍ......
00015760  01 00 00 00 14 00 00 00 FF FF FF FF 01 CD CD CD  ........ÿÿÿÿ.ÍÍÍ
00015776  18 00 16 00 00 00 02 00 00 00 02 00 00 00 FF FF  ..............ÿÿ
00015792  FF FF 00 CD CD CD 18 00 16 00 00 00 02 00 00 00  ÿÿ.ÍÍÍ..........
00015808  12 00 00 00 FF FF FF FF 01 CD CD CD 18 00 16 00  ....ÿÿÿÿ.ÍÍÍ....
00015824  00 00 04 00 00 00 02 00 00 00 FF FF FF FF 00 CD  ..........ÿÿÿÿ.Í
00015840  CD CD 18 00 16 00 00 00 04 00 00 00 11 00 00 00  ÍÍ..............
00015856  FF FF FF FF 01 CD CD CD 18 00 16 00 00 00 06 00  ÿÿÿÿ.ÍÍÍ........
00015872  00 00 02 00 00 00 FF FF FF FF 00 CD CD CD 18 00  ......ÿÿÿÿ.ÍÍÍ..
00015888  16 00 00 00 06 00 00 00 0D 00 00 00 FF FF FF FF  ............ÿÿÿÿ
00015904  01 CD CD CD 18 00 16 00 00 00 07 00 00 00 01 00  .ÍÍÍ............
00015920  00 00 FF FF FF FF 00 CD CD CD 18 00 16 00 00 00  ..ÿÿÿÿ.ÍÍÍ......
00015936  07 00 00 00 07 00 00 00 FF FF FF FF 01 CD CD CD  ........ÿÿÿÿ.ÍÍÍ
00015952  18 00 16 00 00 00 0A 00 00 00 01 00 00 00 FF FF  ..............ÿÿ
00015968  FF FF 00 CD CD CD 18 00 16 00 00 00 0A 00 00 00  ÿÿ.ÍÍÍ..........
00015984  0A 00 00 00 FF FF FF FF 01 CD CD CD 18 00 16 00  ....ÿÿÿÿ.ÍÍÍ....
00016000  00 00 0B 00 00 00 02 00 00 00 FF FF FF FF 00 CD  ..........ÿÿÿÿ.Í
00016016  CD CD 18 00 16 00 00 00 0B 00 00 00 14 00 00 00  ÍÍ..............
00016032  FF FF FF FF 01 CD CD CD 18 00 16 00 00 00 0E 00  ÿÿÿÿ.ÍÍÍ........
00016048  00 00 01 00 00 00 FF FF FF FF 00 CD CD CD 18 00  ......ÿÿÿÿ.ÍÍÍ..
00016064  16 00 00 00 0E 00 00 00 09 00 00 00 FF FF FF FF  ............ÿÿÿÿ
00016080  01 CD CD CD 18 00 16 00 00 00 0F 00 00 00 01 00  .ÍÍÍ............
00016096  00 00 FF FF FF FF 00 CD CD CD 18 00 16 00 00 00  ..ÿÿÿÿ.ÍÍÍ......
00016112  0F 00 00 00 0F 00 00 00 FF FF FF FF 01 CD CD CD  ........ÿÿÿÿ.ÍÍÍ
00016128  18 00 16 00 00 00 11 00 00 00 01 00 00 00 FF FF  ..............ÿÿ
00016144  FF FF 00 CD CD CD 18 00 16 00 00 00 11 00 00 00  ÿÿ.ÍÍÍ..........
00016160  08 00 00 00 FF FF FF FF 01 CD CD CD 18 00 16 00  ....ÿÿÿÿ.ÍÍÍ....
00016176  00 00 12 00 00 00 01 00 00 00 FF FF FF FF 00 CD  ..........ÿÿÿÿ.Í
00016192  CD CD 18 00 16 00 00 00 12 00 00 00 0B 00 00 00  ÍÍ..............
00016208  FF FF FF FF 01 CD CD CD 18 00 16 00 00 00 14 00  ÿÿÿÿ.ÍÍÍ........
00016224  00 00 05 00 00 00 FF FF FF FF 00 CD CD CD 18 00  ......ÿÿÿÿ.ÍÍÍ..
00016240  16 00 00 00 14 00 00 00 19 00 00 00 FF FF FF FF  ............ÿÿÿÿ
00016256  01 CD CD CD 18 00 16 00 00 00 15 00 00 00 03 00  .ÍÍÍ............
00016272  00 00 FF FF FF FF 00 CD CD CD 18 00 16 00 00 00  ..ÿÿÿÿ.ÍÍÍ......
00016288  15 00 00 00 1E 00 00 00 FF FF FF FF 01 CD CD CD  ........ÿÿÿÿ.ÍÍÍ
00016304  18 00 16 00 00 00 16 00 00 00 02 00 00 00 FF FF  ..............ÿÿ
00016320  FF FF 00 CD CD CD 18 00 16 00 00 00 16 00 00 00  ÿÿ.ÍÍÍ..........
00016336  0F 00 00 00 FF FF FF FF 01 CD CD CD 18 00 16 00  ....ÿÿÿÿ.ÍÍÍ....
00016352  00 00 1C 00 00 00 01 00 00 00 FF FF FF FF 00 CD  ..........ÿÿÿÿ.Í
00016368  CD CD 18 00 16 00 00 00 1C 00 00 00 0C 00 00 00  ÍÍ..............
00016384  FF FF FF FF 01 CD CD CD 18 00 16 00 00 00 39 00  ÿÿÿÿ.ÍÍÍ......9.
00016400  00 00 0A 00 00 00 FF FF FF FF 00 CD CD CD 18 00  ......ÿÿÿÿ.ÍÍÍ..
00016416  16 00 00 00 3C 00 00 00 15 00 00 00 FF FF FF FF  ....<.......ÿÿÿÿ
00016432  00 CD CD CD 18 00 16 00 00 00 3E 00 00 00 1D 00  .ÍÍÍ......>.....
00016448  00 00 FF FF FF FF 00 CD CD CD 18 00 16 00 00 00  ..ÿÿÿÿ.ÍÍÍ......
00016464  43 00 00 00 06 00 00 00 FF FF FF FF 00 CD CD CD  C.......ÿÿÿÿ.ÍÍÍ
00016480  18 00 16 00 00 00 09 00 00 00 04 00 00 00 FF FF  ..............ÿÿ
00016496  FF FF 00 CD CD CD 1E 00 06 00 00 00 14 00 1E 00  ÿÿ.ÍÍÍ..........
00016512  00 00 15 00 0A 00 00 00 05 00 00 00 17 00 07 00  ................
00016528  00 00 01 16 00 07 00 00 00 00 32 00 32 06 00 00  ..........2.2...
00016544  33 00 0A 00 00 00 2C 00 00 00 34 00 07 00 00 00  3.....,...4.....
00016560  00 35 00 12 00 00 00 65 5F 69 5F 6E 6F 32 2E 62  .5.....e_i_no2.b
00016576  6D 70 00 36 00 10 00 00 00 4E 6F 72 6D 61 6E 64  mp.6.....Normand
00016592  79 32 00 37 00 16 00 00 00 82 28 00 00 3F 12 00  y2.7.....‚(..?..
00016608  00 00 00 00 00 00 00 00 00 28 00 21 00 00 00 29  .........(.!...)
00016624  00 0A 00 00 00 1B 18 00 00 2A 00 0A 00 00 00 04  .........*......
00016640  00 00 00 2B 00 07 00 00 00 00 28 00 21 00 00 00  ...+......(.!...
00016656  29 00 0A 00 00 00 1C 18 00 00 2A 00 0A 00 00 00  ).........*.....
00016672  04 00 00 00 2B 00 07 00 00 00 00 28 00 21 00 00  ....+......(.!..
00016688  00 29 00 0A 00 00 00 1D 18 00 00 2A 00 0A 00 00  .).........*....
00016704  00 04 00 00 00 2B 00 07 00 00 00 00 28 00 21 00  .....+......(.!.
00016720  00 00 29 00 0A 00 00 00 1E 18 00 00 2A 00 0A 00  ..).........*...
00016736  00 00 04 00 00 00 2B 00 07 00 00 00 00 28 00 21  ......+......(.!
00016752  00 00 00 29 00 0A 00 00 00 1F 18 00 00 2A 00 0A  ...).........*..
00016768  00 00 00 04 00 00 00 2B 00 07 00 00 00 01 28 00  .......+......(.
00016784  21 00 00 00 29 00 0A 00 00 00 20 18 00 00 2A 00  !...)..... ...*.
00016800  0A 00 00 00 04 00 00 00 2B 00 07 00 00 00 01 28  ........+......(
00016816  00 21 00 00 00 29 00 0A 00 00 00 21 18 00 00 2A  .!...).....!...*
00016832  00 0A 00 00 00 04 00 00 00 2B 00 07 00 00 00 01  .........+......
00016848  28 00 21 00 00 00 29 00 0A 00 00 00 AF 17 00 00  (.!...).....¯...
00016864  2A 00 0A 00 00 00 04 00 00 00 2B 00 07 00 00 00  *.........+.....
00016880  00 05 00 DB 04 00 00 14 00 1E 00 00 00 15 00 0A  ...Û............
00016896  00 00 00 02 00 00 00 17 00 07 00 00 00 00 16 00  ................
00016912  07 00 00 00 00 0A 00 3F 00 00 00 0D 00 07 00 00  .......?........
00016928  00 01 0B 00 19 00 00 00 42 72 69 65 66 4E 6F 72  ........BriefNor
00016944  6D 61 6E 64 79 32 2E 62 69 6B 00 0C 00 19 00 00  mandy2.bik......
00016960  00 42 72 69 65 66 69 6E 67 20 4E 6F 72 6D 61 6E  .Briefing Norman
00016976  64 79 32 00 14 00 54 04 00 00 15 00 0A 00 00 00  dy2...T.........
00016992  03 00 00 00 17 00 07 00 00 00 00 16 00 07 00 00  ................
00017008  00 01 18 00 16 00 00 00 7B 00 00 00 04 00 00 00  ........{.......
00017024  FF FF FF FF 00 CD CD CD 18 00 16 00 00 00 7C 00  ÿÿÿÿ.ÍÍÍ......|.
00017040  00 00 04 00 00 00 FF FF FF FF 00 CD CD CD 18 00  ......ÿÿÿÿ.ÍÍÍ..
00017056  16 00 00 00 76 00 00 00 04 00 00 00 FF FF FF FF  ....v.......ÿÿÿÿ
00017072  00 CD CD CD 18 00 16 00 00 00 4F 00 00 00 04 00  .ÍÍÍ......O.....
00017088  00 00 FF FF FF FF 00 CD CD CD 18 00 16 00 00 00  ..ÿÿÿÿ.ÍÍÍ......
00017104  50 00 00 00 04 00 00 00 FF FF FF FF 00 CD CD CD  P.......ÿÿÿÿ.ÍÍÍ
00017120  18 00 16 00 00 00 66 00 00 00 06 00 00 00 FF FF  ......f.......ÿÿ
00017136  FF FF 00 CD CD CD 18 00 16 00 00 00 67 00 00 00  ÿÿ.ÍÍÍ......g...
00017152  04 00 00 00 FF FF FF FF 00 CD CD CD 18 00 16 00  ....ÿÿÿÿ.ÍÍÍ....
00017168  00 00 65 00 00 00 04 00 00 00 FF FF FF FF 00 CD  ..e.......ÿÿÿÿ.Í
00017184  CD CD 18 00 16 00 00 00 DE 00 00 00 04 00 00 00  ÍÍ......Þ.......
00017200  FF FF FF FF 00 CD CD CD 18 00 16 00 00 00 0F 00  ÿÿÿÿ.ÍÍÍ........
00017216  00 00 14 00 00 00 FF FF FF FF 01 CD CD CD 18 00  ......ÿÿÿÿ.ÍÍÍ..
00017232  16 00 00 00 0E 00 00 00 03 00 00 00 FF FF FF FF  ............ÿÿÿÿ
00017248  00 CD CD CD 18 00 16 00 00 00 0F 00 00 00 01 00  .ÍÍÍ............
00017264  00 00 FF FF FF FF 00 CD CD CD 18 00 16 00 00 00  ..ÿÿÿÿ.ÍÍÍ......
00017280  15 00 00 00 02 00 00 00 FF FF FF FF 00 CD CD CD  ........ÿÿÿÿ.ÍÍÍ
00017296  18 00 16 00 00 00 15 00 00 00 12 00 00 00 FF FF  ..............ÿÿ
00017312  FF FF 01 CD CD CD 18 00 16 00 00 00 01 00 00 00  ÿÿ.ÍÍÍ..........
00017328  04 00 00 00 FF FF FF FF 00 CD CD CD 18 00 16 00  ....ÿÿÿÿ.ÍÍÍ....
00017344  00 00 01 00 00 00 1C 00 00 00 FF FF FF FF 01 CD  ..........ÿÿÿÿ.Í
00017360  CD CD 18 00 16 00 00 00 02 00 00 00 04 00 00 00  ÍÍ..............
00017376  FF FF FF FF 00 CD CD CD 18 00 16 00 00 00 02 00  ÿÿÿÿ.ÍÍÍ........
00017392  00 00 1F 00 00 00 FF FF FF FF 01 CD CD CD 18 00  ......ÿÿÿÿ.ÍÍÍ..
00017408  16 00 00 00 06 00 00 00 02 00 00 00 FF FF FF FF  ............ÿÿÿÿ
00017424  00 CD CD CD 18 00 16 00 00 00 06 00 00 00 19 00  .ÍÍÍ............
00017440  00 00 FF FF FF FF 01 CD CD CD 18 00 16 00 00 00  ..ÿÿÿÿ.ÍÍÍ......
00017456  07 00 00 00 01 00 00 00 FF FF FF FF 00 CD CD CD  ........ÿÿÿÿ.ÍÍÍ
00017472  18 00 16 00 00 00 07 00 00 00 0D 00 00 00 FF FF  ..............ÿÿ
00017488  FF FF 01 CD CD CD 18 00 16 00 00 00 0A 00 00 00  ÿÿ.ÍÍÍ..........
00017504  01 00 00 00 FF FF FF FF 00 CD CD CD 18 00 16 00  ....ÿÿÿÿ.ÍÍÍ....
00017520  00 00 0A 00 00 00 11 00 00 00 FF FF FF FF 01 CD  ..........ÿÿÿÿ.Í
00017536  CD CD 18 00 16 00 00 00 0B 00 00 00 03 00 00 00  ÍÍ..............
00017552  FF FF FF FF 00 CD CD CD 18 00 16 00 00 00 0B 00  ÿÿÿÿ.ÍÍÍ........
00017568  00 00 1A 00 00 00 FF FF FF FF 01 CD CD CD 18 00  ......ÿÿÿÿ.ÍÍÍ..
00017584  16 00 00 00 14 00 00 00 05 00 00 00 FF FF FF FF  ............ÿÿÿÿ
00017600  00 CD CD CD 18 00 16 00 00 00 14 00 00 00 2F 00  .ÍÍÍ........../.
00017616  00 00 FF FF FF FF 01 CD CD CD 18 00 16 00 00 00  ..ÿÿÿÿ.ÍÍÍ......
00017632  16 00 00 00 01 00 00 00 FF FF FF FF 00 CD CD CD  ........ÿÿÿÿ.ÍÍÍ
00017648  18 00 16 00 00 00 16 00 00 00 15 00 00 00 FF FF  ..............ÿÿ
00017664  FF FF 01 CD CD CD 18 00 16 00 00 00 1C 00 00 00  ÿÿ.ÍÍÍ..........
00017680  02 00 00 00 FF FF FF FF 00 CD CD CD 18 00 16 00  ....ÿÿÿÿ.ÍÍÍ....
00017696  00 00 1C 00 00 00 11 00 00 00 FF FF FF FF 01 CD  ..........ÿÿÿÿ.Í
00017712  CD CD 18 00 16 00 00 00 1D 00 00 00 01 00 00 00  ÍÍ..............
00017728  FF FF FF FF 00 CD CD CD 18 00 16 00 00 00 1D 00  ÿÿÿÿ.ÍÍÍ........
00017744  00 00 0B 00 00 00 FF FF FF FF 01 CD CD CD 18 00  ......ÿÿÿÿ.ÍÍÍ..
00017760  16 00 00 00 27 00 00 00 02 00 00 00 FF FF FF FF  ....'.......ÿÿÿÿ
00017776  00 CD CD CD 18 00 16 00 00 00 27 00 00 00 07 00  .ÍÍÍ......'.....
00017792  00 00 FF FF FF FF 01 CD CD CD 18 00 16 00 00 00  ..ÿÿÿÿ.ÍÍÍ......
00017808  35 00 00 00 01 00 00 00 FF FF FF FF 00 CD CD CD  5.......ÿÿÿÿ.ÍÍÍ
00017824  18 00 16 00 00 00 36 00 00 00 06 00 00 00 FF FF  ......6.......ÿÿ
00017840  FF FF 00 CD CD CD 18 00 16 00 00 00 39 00 00 00  ÿÿ.ÍÍÍ......9...
00017856  04 00 00 00 FF FF FF FF 00 CD CD CD 18 00 16 00  ....ÿÿÿÿ.ÍÍÍ....
00017872  00 00 3C 00 00 00 12 00 00 00 FF FF FF FF 00 CD  ..<.......ÿÿÿÿ.Í
00017888  CD CD 18 00 16 00 00 00 3E 00 00 00 15 00 00 00  ÍÍ......>.......
00017904  FF FF FF FF 00 CD CD CD 18 00 16 00 00 00 42 00  ÿÿÿÿ.ÍÍÍ......B.
00017920  00 00 03 00 00 00 FF FF FF FF 00 CD CD CD 18 00  ......ÿÿÿÿ.ÍÍÍ..
00017936  16 00 00 00 46 00 00 00 03 00 00 00 FF FF FF FF  ....F.......ÿÿÿÿ
00017952  00 CD CD CD 18 00 16 00 00 00 63 00 00 00 02 00  .ÍÍÍ......c.....
00017968  00 00 FF FF FF FF 00 CD CD CD 18 00 16 00 00 00  ..ÿÿÿÿ.ÍÍÍ......
00017984  04 00 00 00 01 00 00 00 FF FF FF FF 00 CD CD CD  ........ÿÿÿÿ.ÍÍÍ
00018000  18 00 16 00 00 00 04 00 00 00 0D 00 00 00 FF FF  ..............ÿÿ
00018016  FF FF 01 CD CD CD 18 00 16 00 00 00 13 00 00 00  ÿÿ.ÍÍÍ..........
00018032  01 00 00 00 FF FF FF FF 00 CD CD CD 18 00 16 00  ....ÿÿÿÿ.ÍÍÍ....
00018048  00 00 13 00 00 00 0D 00 00 00 FF FF FF FF 01 CD  ..........ÿÿÿÿ.Í
00018064  CD CD 18 00 16 00 00 00 42 00 00 00 01 00 00 00  ÍÍ......B.......
00018080  FF FF FF FF 00 CD CD CD 1E 00 06 00 00 00 14 00  ÿÿÿÿ.ÍÍÍ........
00018096  1E 00 00 00 15 00 0A 00 00 00 05 00 00 00 17 00  ................
00018112  07 00 00 00 01 16 00 07 00 00 00 00 3C 00 C5 0F  ............<.Å.
00018128  00 00 3D 00 0A 00 00 00 D0 00 00 00 3E 00 07 00  ..=.....Ð...>...
00018144  00 00 00 05 00 AE 0F 00 00 14 00 1E 00 00 00 15  .....®..........
00018160  00 0A 00 00 00 02 00 00 00 17 00 07 00 00 00 01  ................
00018176  16 00 07 00 00 00 00 32 00 F3 06 00 00 33 00 0A  .......2.ó...3..
00018192  00 00 00 26 00 00 00 34 00 07 00 00 00 00 35 00  ...&...4......5.
00018208  12 00 00 00 65 5F 69 5F 63 7A 31 2E 62 6D 70 00  ....e_i_cz1.bmp.
00018224  36 00 0D 00 00 00 43 7A 65 63 68 31 00 37 00 16  6.....Czech1.7..
00018240  00 00 00 8C 28 00 00 49 12 00 00 00 00 00 00 00  ...Œ(..I........
00018256  00 00 00 28 00 21 00 00 00 29 00 0A 00 00 00 25  ...(.!...).....%
00018272  18 00 00 2A 00 0A 00 00 00 04 00 00 00 2B 00 07  ...*.........+..
00018288  00 00 00 01 28 00 21 00 00 00 29 00 0A 00 00 00  ....(.!...).....
00018304  26 18 00 00 2A 00 0A 00 00 00 04 00 00 00 2B 00  &...*.........+.
00018320  07 00 00 00 00 28 00 21 00 00 00 29 00 0A 00 00  .....(.!...)....
00018336  00 27 18 00 00 2A 00 0A 00 00 00 04 00 00 00 2B  .'...*.........+
00018352  00 07 00 00 00 00 28 00 21 00 00 00 29 00 0A 00  ......(.!...)...
00018368  00 00 28 18 00 00 2A 00 0A 00 00 00 04 00 00 00  ..(...*.........
00018384  2B 00 07 00 00 00 01 28 00 21 00 00 00 29 00 0A  +......(.!...)..
00018400  00 00 00 AF 17 00 00 2A 00 0A 00 00 00 04 00 00  ...¯...*........
00018416  00 2B 00 07 00 00 00 00 05 00 02 06 00 00 0A 00  .+..............
00018432  3A 00 00 00 0D 00 07 00 00 00 01 0B 00 16 00 00  :...............
00018448  00 42 72 69 65 66 43 7A 65 63 68 31 2E 62 69 6B  .BriefCzech1.bik
00018464  00 0C 00 17 00 00 00 42 72 69 65 66 69 6E 67 20  .......Briefing 
00018480  43 7A 65 63 68 20 31 00 14 00 9E 05 00 00 15 00  Czech 1...ž.....
00018496  0A 00 00 00 03 00 00 00 17 00 07 00 00 00 01 16  ................
00018512  00 07 00 00 00 01 18 00 16 00 00 00 73 00 00 00  ............s...
00018528  05 00 00 00 FF FF FF FF 00 CD CD CD 18 00 16 00  ....ÿÿÿÿ.ÍÍÍ....
00018544  00 00 7C 00 00 00 05 00 00 00 FF FF FF FF 00 CD  ..|.......ÿÿÿÿ.Í
00018560  CD CD 18 00 16 00 00 00 36 00 00 00 08 00 00 00  ÍÍ......6.......
00018576  FF FF FF FF 00 CD CD CD 18 00 16 00 00 00 35 00  ÿÿÿÿ.ÍÍÍ......5.
00018592  00 00 04 00 00 00 FF FF FF FF 00 CD CD CD 18 00  ......ÿÿÿÿ.ÍÍÍ..
00018608  16 00 00 00 76 00 00 00 04 00 00 00 FF FF FF FF  ....v.......ÿÿÿÿ
00018624  00 CD CD CD 18 00 16 00 00 00 7B 00 00 00 04 00  .ÍÍÍ......{.....
00018640  00 00 FF FF FF FF 00 CD CD CD 18 00 16 00 00 00  ..ÿÿÿÿ.ÍÍÍ......
00018656  4F 00 00 00 04 00 00 00 FF FF FF FF 00 CD CD CD  O.......ÿÿÿÿ.ÍÍÍ
00018672  18 00 16 00 00 00 50 00 00 00 04 00 00 00 FF FF  ......P.......ÿÿ
00018688  FF FF 00 CD CD CD 18 00 16 00 00 00 66 00 00 00  ÿÿ.ÍÍÍ......f...
00018704  08 00 00 00 FF FF FF FF 00 CD CD CD 18 00 16 00  ....ÿÿÿÿ.ÍÍÍ....
00018720  00 00 67 00 00 00 04 00 00 00 FF FF FF FF 00 CD  ..g.......ÿÿÿÿ.Í
00018736  CD CD 18 00 16 00 00 00 65 00 00 00 04 00 00 00  ÍÍ......e.......
00018752  FF FF FF FF 00 CD CD CD 18 00 16 00 00 00 DE 00  ÿÿÿÿ.ÍÍÍ......Þ.
00018768  00 00 04 00 00 00 FF FF FF FF 00 CD CD CD 18 00  ......ÿÿÿÿ.ÍÍÍ..
00018784  16 00 00 00 00 00 00 00 01 00 00 00 FF FF FF FF  ............ÿÿÿÿ
00018800  00 CD CD CD 18 00 16 00 00 00 00 00 00 00 08 00  .ÍÍÍ............
00018816  00 00 FF FF FF FF 01 CD CD CD 18 00 16 00 00 00  ..ÿÿÿÿ.ÍÍÍ......
00018832  01 00 00 00 04 00 00 00 FF FF FF FF 00 CD CD CD  ........ÿÿÿÿ.ÍÍÍ
00018848  18 00 16 00 00 00 01 00 00 00 1C 00 00 00 FF FF  ..............ÿÿ
00018864  FF FF 01 CD CD CD 18 00 16 00 00 00 02 00 00 00  ÿÿ.ÍÍÍ..........
00018880  03 00 00 00 FF FF FF FF 00 CD CD CD 18 00 16 00  ....ÿÿÿÿ.ÍÍÍ....
00018896  00 00 02 00 00 00 11 00 00 00 FF FF FF FF 01 CD  ..........ÿÿÿÿ.Í
00018912  CD CD 18 00 16 00 00 00 04 00 00 00 01 00 00 00  ÍÍ..............
00018928  FF FF FF FF 00 CD CD CD 18 00 16 00 00 00 04 00  ÿÿÿÿ.ÍÍÍ........
00018944  00 00 09 00 00 00 FF FF FF FF 01 CD CD CD 18 00  ......ÿÿÿÿ.ÍÍÍ..
00018960  16 00 00 00 06 00 00 00 03 00 00 00 FF FF FF FF  ............ÿÿÿÿ
00018976  00 CD CD CD 18 00 16 00 00 00 06 00 00 00 19 00  .ÍÍÍ............
00018992  00 00 FF FF FF FF 01 CD CD CD 18 00 16 00 00 00  ..ÿÿÿÿ.ÍÍÍ......
00019008  0A 00 00 00 03 00 00 00 FF FF FF FF 00 CD CD CD  ........ÿÿÿÿ.ÍÍÍ
00019024  18 00 16 00 00 00 0A 00 00 00 29 00 00 00 FF FF  ..........)...ÿÿ
00019040  FF FF 01 CD CD CD 18 00 16 00 00 00 0B 00 00 00  ÿÿ.ÍÍÍ..........
00019056  02 00 00 00 FF FF FF FF 00 CD CD CD 18 00 16 00  ....ÿÿÿÿ.ÍÍÍ....
00019072  00 00 0B 00 00 00 19 00 00 00 FF FF FF FF 01 CD  ..........ÿÿÿÿ.Í
00019088  CD CD 18 00 16 00 00 00 0E 00 00 00 03 00 00 00  ÍÍ..............
00019104  FF FF FF FF 00 CD CD CD 18 00 16 00 00 00 0E 00  ÿÿÿÿ.ÍÍÍ........
00019120  00 00 1F 00 00 00 FF FF FF FF 01 CD CD CD 18 00  ......ÿÿÿÿ.ÍÍÍ..
00019136  16 00 00 00 0F 00 00 00 01 00 00 00 FF FF FF FF  ............ÿÿÿÿ
00019152  00 CD CD CD 18 00 16 00 00 00 0F 00 00 00 0C 00  .ÍÍÍ............
00019168  00 00 FF FF FF FF 01 CD CD CD 18 00 16 00 00 00  ..ÿÿÿÿ.ÍÍÍ......
00019184  11 00 00 00 01 00 00 00 FF FF FF FF 00 CD CD CD  ........ÿÿÿÿ.ÍÍÍ
00019200  18 00 16 00 00 00 11 00 00 00 0A 00 00 00 FF FF  ..............ÿÿ
00019216  FF FF 01 CD CD CD 18 00 16 00 00 00 12 00 00 00  ÿÿ.ÍÍÍ..........
00019232  02 00 00 00 FF FF FF FF 00 CD CD CD 18 00 16 00  ....ÿÿÿÿ.ÍÍÍ....
00019248  00 00 12 00 00 00 16 00 00 00 FF FF FF FF 01 CD  ..........ÿÿÿÿ.Í
00019264  CD CD 18 00 16 00 00 00 13 00 00 00 01 00 00 00  ÍÍ..............
00019280  FF FF FF FF 00 CD CD CD 18 00 16 00 00 00 13 00  ÿÿÿÿ.ÍÍÍ........
00019296  00 00 05 00 00 00 FF FF FF FF 01 CD CD CD 18 00  ......ÿÿÿÿ.ÍÍÍ..
00019312  16 00 00 00 14 00 00 00 05 00 00 00 FF FF FF FF  ............ÿÿÿÿ
00019328  00 CD CD CD 18 00 16 00 00 00 14 00 00 00 35 00  .ÍÍÍ..........5.
00019344  00 00 FF FF FF FF 01 CD CD CD 18 00 16 00 00 00  ..ÿÿÿÿ.ÍÍÍ......
00019360  15 00 00 00 06 00 00 00 FF FF FF FF 00 CD CD CD  ........ÿÿÿÿ.ÍÍÍ
00019376  18 00 16 00 00 00 15 00 00 00 3A 00 00 00 FF FF  ..........:...ÿÿ
00019392  FF FF 01 CD CD CD 18 00 16 00 00 00 16 00 00 00  ÿÿ.ÍÍÍ..........
00019408  02 00 00 00 FF FF FF FF 00 CD CD CD 18 00 16 00  ....ÿÿÿÿ.ÍÍÍ....
00019424  00 00 16 00 00 00 09 00 00 00 FF FF FF FF 01 CD  ..........ÿÿÿÿ.Í
00019440  CD CD 18 00 16 00 00 00 1A 00 00 00 01 00 00 00  ÍÍ..............
00019456  FF FF FF FF 00 CD CD CD 18 00 16 00 00 00 1A 00  ÿÿÿÿ.ÍÍÍ........
00019472  00 00 0F 00 00 00 FF FF FF FF 01 CD CD CD 18 00  ......ÿÿÿÿ.ÍÍÍ..
00019488  16 00 00 00 1C 00 00 00 02 00 00 00 FF FF FF FF  ............ÿÿÿÿ
00019504  00 CD CD CD 18 00 16 00 00 00 1C 00 00 00 19 00  .ÍÍÍ............
00019520  00 00 FF FF FF FF 01 CD CD CD 18 00 16 00 00 00  ..ÿÿÿÿ.ÍÍÍ......
00019536  1D 00 00 00 02 00 00 00 FF FF FF FF 00 CD CD CD  ........ÿÿÿÿ.ÍÍÍ
00019552  18 00 16 00 00 00 1D 00 00 00 12 00 00 00 FF FF  ..............ÿÿ
00019568  FF FF 01 CD CD CD 18 00 16 00 00 00 26 00 00 00  ÿÿ.ÍÍÍ......&...
00019584  01 00 00 00 FF FF FF FF 00 CD CD CD 18 00 16 00  ....ÿÿÿÿ.ÍÍÍ....
00019600  00 00 27 00 00 00 02 00 00 00 FF FF FF FF 00 CD  ..'.......ÿÿÿÿ.Í
00019616  CD CD 18 00 16 00 00 00 27 00 00 00 06 00 00 00  ÍÍ......'.......
00019632  FF FF FF FF 01 CD CD CD 18 00 16 00 00 00 38 00  ÿÿÿÿ.ÍÍÍ......8.
00019648  00 00 03 00 00 00 FF FF FF FF 00 CD CD CD 18 00  ......ÿÿÿÿ.ÍÍÍ..
00019664  16 00 00 00 39 00 00 00 08 00 00 00 FF FF FF FF  ....9.......ÿÿÿÿ
00019680  00 CD CD CD 18 00 16 00 00 00 3B 00 00 00 08 00  .ÍÍÍ......;.....
00019696  00 00 FF FF FF FF 00 CD CD CD 18 00 16 00 00 00  ..ÿÿÿÿ.ÍÍÍ......
00019712  3C 00 00 00 30 00 00 00 FF FF FF FF 00 CD CD CD  <...0...ÿÿÿÿ.ÍÍÍ
00019728  18 00 16 00 00 00 3E 00 00 00 36 00 00 00 FF FF  ......>...6...ÿÿ
00019744  FF FF 00 CD CD CD 18 00 16 00 00 00 42 00 00 00  ÿÿ.ÍÍÍ......B...
00019760  06 00 00 00 FF FF FF FF 00 CD CD CD 18 00 16 00  ....ÿÿÿÿ.ÍÍÍ....
00019776  00 00 46 00 00 00 02 00 00 00 FF FF FF FF 00 CD  ..F.......ÿÿÿÿ.Í
00019792  CD CD 18 00 16 00 00 00 47 00 00 00 01 00 00 00  ÍÍ......G.......
00019808  FF FF FF FF 00 CD CD CD 18 00 16 00 00 00 07 00  ÿÿÿÿ.ÍÍÍ........
00019824  00 00 02 00 00 00 FF FF FF FF 00 CD CD CD 18 00  ......ÿÿÿÿ.ÍÍÍ..
00019840  16 00 00 00 07 00 00 00 2D 00 00 00 FF FF FF FF  ........-...ÿÿÿÿ
00019856  01 CD CD CD 18 00 16 00 00 00 09 00 00 00 04 00  .ÍÍÍ............
00019872  00 00 FF FF FF FF 00 CD CD CD 18 00 16 00 00 00  ..ÿÿÿÿ.ÍÍÍ......
00019888  63 00 00 00 01 00 00 00 FF FF FF FF 00 CD CD CD  c.......ÿÿÿÿ.ÍÍÍ
00019904  18 00 16 00 00 00 42 00 00 00 04 00 00 00 FF FF  ......B.......ÿÿ
00019920  FF FF 00 CD CD CD 1E 00 06 00 00 00 14 00 1E 00  ÿÿ.ÍÍÍ..........
00019936  00 00 15 00 0A 00 00 00 05 00 00 00 17 00 07 00  ................
00019952  00 00 01 16 00 07 00 00 00 00 32 00 02 02 00 00  ..........2.....
00019968  33 00 0A 00 00 00 27 00 00 00 34 00 07 00 00 00  3.....'...4.....
00019984  00 35 00 12 00 00 00 65 5F 69 5F 63 7A 32 2E 62  .5.....e_i_cz2.b
00020000  6D 70 00 36 00 0D 00 00 00 43 7A 65 63 68 32 00  mp.6.....Czech2.
00020016  37 00 16 00 00 00 96 28 00 00 53 12 00 00 00 00  7.....–(..S.....
00020032  00 00 00 00 00 00 28 00 21 00 00 00 29 00 0A 00  ......(.!...)...
00020048  00 00 2F 18 00 00 2A 00 0A 00 00 00 04 00 00 00  ../...*.........
00020064  2B 00 07 00 00 00 00 28 00 21 00 00 00 29 00 0A  +......(.!...)..
00020080  00 00 00 30 18 00 00 2A 00 0A 00 00 00 04 00 00  ...0...*........
00020096  00 2B 00 07 00 00 00 00 28 00 21 00 00 00 29 00  .+......(.!...).
00020112  0A 00 00 00 31 18 00 00 2A 00 0A 00 00 00 04 00  ....1...*.......
00020128  00 00 2B 00 07 00 00 00 01 28 00 21 00 00 00 29  ..+......(.!...)
00020144  00 0A 00 00 00 32 18 00 00 2A 00 0A 00 00 00 04  .....2...*......
00020160  00 00 00 2B 00 07 00 00 00 01 28 00 21 00 00 00  ...+......(.!...
00020176  29 00 0A 00 00 00 33 18 00 00 2A 00 0A 00 00 00  ).....3...*.....
00020192  04 00 00 00 2B 00 07 00 00 00 01 28 00 21 00 00  ....+......(.!..
00020208  00 29 00 0A 00 00 00 AF 17 00 00 2A 00 0A 00 00  .).....¯...*....
00020224  00 04 00 00 00 2B 00 07 00 00 00 00 05 00 F0 00  .....+........ð.
00020240  00 00 0A 00 3A 00 00 00 0D 00 07 00 00 00 01 0B  ....:...........
00020256  00 16 00 00 00 42 72 69 65 66 43 7A 65 63 68 32  .....BriefCzech2
00020272  2E 62 69 6B 00 0C 00 17 00 00 00 42 72 69 65 66  .bik.......Brief
00020288  69 6E 67 20 43 7A 65 63 68 20 32 00 14 00 8C 00  ing Czech 2...Œ.
00020304  00 00 15 00 0A 00 00 00 04 00 00 00 17 00 07 00  ................
00020320  00 00 01 16 00 07 00 00 00 00 18 00 16 00 00 00  ................
00020336  15 00 00 00 0F 00 00 00 FF FF FF FF 01 CD CD CD  ........ÿÿÿÿ.ÍÍÍ
00020352  18 00 16 00 00 00 12 00 00 00 14 00 00 00 FF FF  ..............ÿÿ
00020368  FF FF 01 CD CD CD 18 00 16 00 00 00 04 00 00 00  ÿÿ.ÍÍÍ..........
00020384  08 00 00 00 FF FF FF FF 01 CD CD CD 18 00 16 00  ....ÿÿÿÿ.ÍÍÍ....
00020400  00 00 1A 00 00 00 01 00 00 00 FF FF FF FF 00 CD  ..........ÿÿÿÿ.Í
00020416  CD CD 18 00 16 00 00 00 1A 00 00 00 15 00 00 00  ÍÍ..............
00020432  FF FF FF FF 01 CD CD CD 1E 00 06 00 00 00 14 00  ÿÿÿÿ.ÍÍÍ........
00020448  1E 00 00 00 15 00 0A 00 00 00 05 00 00 00 17 00  ................
00020464  07 00 00 00 01 16 00 07 00 00 00 00 32 00 C1 01  ............2.Á.
00020480  00 00 33 00 0A 00 00 00 28 00 00 00 34 00 07 00  ..3.....(...4...
00020496  00 00 00 35 00 12 00 00 00 65 5F 69 5F 63 7A 33  ...5.....e_i_cz3
00020512  2E 62 6D 70 00 36 00 0D 00 00 00 43 7A 65 63 68  .bmp.6.....Czech
00020528  33 00 37 00 16 00 00 00 A0 28 00 00 5D 12 00 00  3.7..... (..]...
00020544  00 00 00 00 00 00 00 00 28 00 21 00 00 00 29 00  ........(.!...).
00020560  0A 00 00 00 39 18 00 00 2A 00 0A 00 00 00 04 00  ....9...*.......
00020576  00 00 2B 00 07 00 00 00 00 28 00 21 00 00 00 29  ..+......(.!...)
00020592  00 0A 00 00 00 3A 18 00 00 2A 00 0A 00 00 00 04  .....:...*......
00020608  00 00 00 2B 00 07 00 00 00 00 28 00 21 00 00 00  ...+......(.!...
00020624  29 00 0A 00 00 00 3B 18 00 00 2A 00 0A 00 00 00  ).....;...*.....
00020640  04 00 00 00 2B 00 07 00 00 00 01 28 00 21 00 00  ....+......(.!..
00020656  00 29 00 0A 00 00 00 AF 17 00 00 2A 00 0A 00 00  .).....¯...*....
00020672  00 04 00 00 00 2B 00 07 00 00 00 00 05 00 F1 00  .....+........ñ.
00020688  00 00 0A 00 3B 00 00 00 0D 00 07 00 00 00 01 0B  ....;...........
00020704  00 16 00 00 00 42 72 69 65 66 43 7A 65 63 68 33  .....BriefCzech3
00020720  2E 62 69 6B 00 0C 00 18 00 00 00 42 72 69 65 66  .bik.......Brief
00020736  69 6E 67 20 20 43 7A 65 63 68 20 33 00 14 00 8C  ing  Czech 3...Œ
00020752  00 00 00 15 00 0A 00 00 00 04 00 00 00 17 00 07  ................
00020768  00 00 00 01 16 00 07 00 00 00 00 18 00 16 00 00  ................
00020784  00 0A 00 00 00 01 00 00 00 FF FF FF FF 00 CD CD  .........ÿÿÿÿ.ÍÍ
00020800  CD 18 00 16 00 00 00 0A 00 00 00 0F 00 00 00 FF  Í..............ÿ
00020816  FF FF FF 01 CD CD CD 18 00 16 00 00 00 15 00 00  ÿÿÿ.ÍÍÍ.........
00020832  00 0C 00 00 00 FF FF FF FF 01 CD CD CD 18 00 16  .....ÿÿÿÿ.ÍÍÍ...
00020848  00 00 00 07 00 00 00 0A 00 00 00 FF FF FF FF 01  ...........ÿÿÿÿ.
00020864  CD CD CD 18 00 16 00 00 00 3E 00 00 00 05 00 00  ÍÍÍ......>......
00020880  00 FF FF FF FF 00 CD CD CD 1E 00 06 00 00 00 14  .ÿÿÿÿ.ÍÍÍ.......
00020896  00 1E 00 00 00 15 00 0A 00 00 00 05 00 00 00 17  ................
00020912  00 07 00 00 00 01 16 00 07 00 00 00 00 32 00 73  .............2.s
00020928  01 00 00 33 00 0A 00 00 00 29 00 00 00 34 00 07  ...3.....)...4..
00020944  00 00 00 00 35 00 13 00 00 00 65 5F 69 5F 63 7A  ....5.....e_i_cz
00020960  34 61 2E 62 6D 70 00 36 00 0D 00 00 00 43 7A 65  4a.bmp.6.....Cze
00020976  63 68 34 00 37 00 16 00 00 00 AA 28 00 00 67 12  ch4.7.....ª(..g.
00020992  00 00 00 00 00 00 00 00 00 00 28 00 21 00 00 00  ..........(.!...
00021008  29 00 0A 00 00 00 43 18 00 00 2A 00 0A 00 00 00  ).....C...*.....
00021024  04 00 00 00 2B 00 07 00 00 00 00 28 00 21 00 00  ....+......(.!..
00021040  00 29 00 0A 00 00 00 44 18 00 00 2A 00 0A 00 00  .).....D...*....
00021056  00 04 00 00 00 2B 00 07 00 00 00 01 28 00 21 00  .....+......(.!.
00021072  00 00 29 00 0A 00 00 00 46 18 00 00 2A 00 0A 00  ..).....F...*...
00021088  00 00 04 00 00 00 2B 00 07 00 00 00 01 28 00 21  ......+......(.!
00021104  00 00 00 29 00 0A 00 00 00 45 18 00 00 2A 00 0A  ...).....E...*..
00021120  00 00 00 04 00 00 00 2B 00 07 00 00 00 00 05 00  .......+........
00021136  A2 00 00 00 14 00 1E 00 00 00 15 00 0A 00 00 00  ¢...............
00021152  01 00 00 00 17 00 07 00 00 00 01 16 00 07 00 00  ................
00021168  00 00 0A 00 3C 00 00 00 0D 00 07 00 00 00 01 0B  ....<...........
00021184  00 17 00 00 00 42 72 69 65 66 43 7A 65 63 68 34  .....BriefCzech4
00021200  61 2E 62 69 6B 00 0C 00 18 00 00 00 42 72 69 65  a.bik.......Brie
00021216  66 69 6E 67 20 43 7A 65 63 68 20 34 41 00 14 00  fing Czech 4A...
00021232  1E 00 00 00 15 00 0A 00 00 00 04 00 00 00 17 00  ................
00021248  07 00 00 00 01 16 00 07 00 00 00 00 1E 00 06 00  ................
00021264  00 00 14 00 1E 00 00 00 15 00 0A 00 00 00 05 00  ................
00021280  00 00 17 00 07 00 00 00 01 16 00 07 00 00 00 00  ................
00021296  32 00 76 01 00 00 33 00 0A 00 00 00 2A 00 00 00  2.v...3.....*...
00021312  34 00 07 00 00 00 00 35 00 13 00 00 00 65 5F 69  4......5.....e_i
00021328  5F 63 7A 34 62 2E 62 6D 70 00 36 00 0D 00 00 00  _cz4b.bmp.6.....
00021344  43 7A 65 63 68 35 00 37 00 16 00 00 00 B4 28 00  Czech5.7.....´(.
00021360  00 71 12 00 00 00 00 00 00 00 00 00 00 28 00 21  .q...........(.!
00021376  00 00 00 29 00 0A 00 00 00 4D 18 00 00 2A 00 0A  ...).....M...*..
00021392  00 00 00 04 00 00 00 2B 00 07 00 00 00 00 28 00  .......+......(.
00021408  21 00 00 00 29 00 0A 00 00 00 4E 18 00 00 2A 00  !...).....N...*.
00021424  0A 00 00 00 04 00 00 00 2B 00 07 00 00 00 00 28  ........+......(
00021440  00 21 00 00 00 29 00 0A 00 00 00 4F 18 00 00 2A  .!...).....O...*
00021456  00 0A 00 00 00 04 00 00 00 2B 00 07 00 00 00 01  .........+......
00021472  05 00 C6 00 00 00 0A 00 3C 00 00 00 0D 00 07 00  ..Æ.....<.......
00021488  00 00 01 0B 00 17 00 00 00 42 72 69 65 66 43 7A  .........BriefCz
00021504  65 63 68 34 62 2E 62 69 6B 00 0C 00 18 00 00 00  ech4b.bik.......
00021520  42 72 69 65 66 69 6E 67 20 43 7A 65 63 68 20 34  Briefing Czech 4
00021536  42 00 14 00 60 00 00 00 15 00 0A 00 00 00 04 00  B...`...........
00021552  00 00 17 00 07 00 00 00 01 16 00 07 00 00 00 00  ................
00021568  18 00 16 00 00 00 47 00 00 00 04 00 00 00 FF FF  ......G.......ÿÿ
00021584  FF FF 00 CD CD CD 18 00 16 00 00 00 27 00 00 00  ÿÿ.ÍÍÍ......'...
00021600  01 00 00 00 FF FF FF FF 00 CD CD CD 18 00 16 00  ....ÿÿÿÿ.ÍÍÍ....
00021616  00 00 27 00 00 00 05 00 00 00 FF FF FF FF 01 CD  ..'.......ÿÿÿÿ.Í
00021632  CD CD 1E 00 06 00 00 00 14 00 1E 00 00 00 15 00  ÍÍ..............
00021648  0A 00 00 00 05 00 00 00 17 00 07 00 00 00 01 16  ................
00021664  00 07 00 00 00 00 32 00 94 01 00 00 33 00 0A 00  ......2.”...3...
00021680  00 00 2B 00 00 00 34 00 07 00 00 00 00 35 00 12  ..+...4......5..
00021696  00 00 00 65 5F 69 5F 63 7A 35 2E 62 6D 70 00 36  ...e_i_cz5.bmp.6
00021712  00 0D 00 00 00 43 7A 65 63 68 36 00 37 00 16 00  .....Czech6.7...
00021728  00 00 C8 28 00 00 7B 12 00 00 00 00 00 00 00 00  ..È(..{.........
00021744  00 00 28 00 21 00 00 00 29 00 0A 00 00 00 57 18  ..(.!...).....W.
00021760  00 00 2A 00 0A 00 00 00 04 00 00 00 2B 00 07 00  ..*.........+...
00021776  00 00 00 28 00 21 00 00 00 29 00 0A 00 00 00 59  ...(.!...).....Y
00021792  18 00 00 2A 00 0A 00 00 00 04 00 00 00 2B 00 07  ...*.........+..
00021808  00 00 00 00 28 00 21 00 00 00 29 00 0A 00 00 00  ....(.!...).....
00021824  5A 18 00 00 2A 00 0A 00 00 00 04 00 00 00 2B 00  Z...*.........+.
00021840  07 00 00 00 01 28 00 21 00 00 00 29 00 0A 00 00  .....(.!...)....
00021856  00 5B 18 00 00 2A 00 0A 00 00 00 04 00 00 00 2B  .[...*.........+
00021872  00 07 00 00 00 01 28 00 21 00 00 00 29 00 0A 00  ......(.!...)...
00021888  00 00 5D 18 00 00 2A 00 0A 00 00 00 04 00 00 00  ..]...*.........
00021904  2B 00 07 00 00 00 01 28 00 21 00 00 00 29 00 0A  +......(.!...)..
00021920  00 00 00 AF 17 00 00 2A 00 0A 00 00 00 04 00 00  ...¯...*........
00021936  00 2B 00 07 00 00 00 00 05 00 82 00 00 00 0A 00  .+........‚.....
00021952  3A 00 00 00 0D 00 07 00 00 00 01 0B 00 16 00 00  :...............
00021968  00 42 72 69 65 66 43 7A 65 63 68 35 2E 62 69 6B  .BriefCzech5.bik
00021984  00 0C 00 17 00 00 00 42 72 69 65 66 69 6E 67 20  .......Briefing 
00022000  43 7A 65 63 68 20 35 00 14 00 1E 00 00 00 15 00  Czech 5.........
00022016  0A 00 00 00 04 00 00 00 17 00 07 00 00 00 01 16  ................
00022032  00 07 00 00 00 00 1E 00 06 00 00 00 14 00 1E 00  ................
00022048  00 00 15 00 0A 00 00 00 05 00 00 00 17 00 07 00  ................
00022064  00 00 01 16 00 07 00 00 00 00 0A 00 2A 00 00 00  ............*...
00022080  0D 00 07 00 00 00 00 0B 00 11 00 00 00 4F 75 74  .............Out
00022096  72 6F 32 2E 62 69 6B 00 0C 00 0C 00 00 00 4F 55  ro2.bik.......OU
00022112  54 52 4F 00 0A 00 2D 00 00 00 0D 00 07 00 00 00  TRO...-.........
00022128  00 0B 00 12 00 00 00 63 72 65 64 69 74 73 2E 62  .......credits.b
00022144  69 6B 00 0C 00 0E 00 00 00 43 52 45 44 49 54 53  ik.......CREDITS
00022160  00                                               .
